frame,area,mode,door,room,loader,kraid,ridley,slot0_offset,slot0_status,slot0_type,slot0_special,slot0_hp,slot0_x,slot0_y,slot0_nametable,slot1_offset,slot1_status,slot1_type,slot1_special,slot1_hp,slot1_x,slot1_y,slot1_nametable,slot2_offset,slot2_status,slot2_type,slot2_special,slot2_hp,slot2_x,slot2_y,slot2_nametable,slot3_offset,slot3_status,slot3_type,slot3_special,slot3_hp,slot3_x,slot3_y,slot3_nametable,slot4_offset,slot4_status,slot4_type,slot4_special,slot4_hp,slot4_x,slot4_y,slot4_nametable,slot5_offset,slot5_status,slot5_type,slot5_special,slot5_hp,slot5_x,slot5_y,slot5_nametable
1,255,255,255,0,0,0,0,0,0,0,255,0,0,0,0,16,0,0,255,0,0,0,0,32,0,0,255,0,0,0,0,48,0,0,255,0,0,0,0,64,0,0,255,0,0,0,0,80,0,0,255,0,0,0,0
2,255,255,255,0,0,0,0,0,0,0,255,0,0,0,0,16,0,0,255,0,0,0,0,32,0,0,255,0,0,0,0,48,0,0,255,0,0,0,0,64,0,0,255,0,0,0,0,80,0,0,255,0,0,0,0
3,255,255,255,0,0,0,0,0,0,0,255,0,0,0,0,16,0,0,255,0,0,0,0,32,0,0,255,0,0,0,0,48,0,0,255,0,0,0,0,64,0,0,255,0,0,0,0,80,0,0,255,0,0,0,0
75811,20,3,2,241,1,0,0,0,1,9,64,140,108,104,1,16,2,6,128,4,104,185,0,32,0,0,10,0,185,120,0,48,0,6,0,2,229,168,1,64,0,0,128,16,100,99,0,80,0,0,128,16,16,43,1
75812,20,3,2,241,1,0,0,0,1,9,64,140,108,104,1,16,2,6,128,4,104,185,0,32,0,0,10,0,185,120,0,48,0,6,0,2,229,168,1,64,0,0,128,16,100,99,0,80,0,0,128,16,16,43,1
75813,20,3,2,243,1,0,0,0,1,9,64,140,108,104,1,16,2,6,128,4,104,184,0,32,0,0,10,0,185,120,0,48,0,6,0,2,229,168,1,64,0,0,128,16,100,99,0,80,0,0,128,16,16,43,1
75814,20,3,2,255,1,0,0,0,1,9,64,140,108,104,1,16,2,6,128,4,104,183,0,32,0,0,10,0,185,120,0,48,0,6,0,2,229,168,1,64,0,0,128,16,100,99,0,80,0,0,128,16,16,43,1
75815,20,3,2,255,1,0,0,0,1,9,64,140,108,104,1,16,2,6,128,4,104,182,0,32,0,0,10,0,185,120,0,48,0,6,0,2,229,168,1,64,0,0,128,16,100,99,0,80,0,0,128,16,16,43,1
75816,20,3,2,255,1,0,0,0,1,9,64,140,108,104,1,16,2,6,128,4,104,181,0,32,0,0,10,0,185,120,0,48,0,6,0,2,229,168,1,64,0,0,128,16,100,99,0,80,0,0,128,16,16,43,1
75817,20,3,2,255,1,0,0,0,1,9,64,140,108,104,1,16,2,6,128,4,104,181,0,32,0,0,10,0,185,120,0,48,0,6,0,2,229,168,1,64,0,0,128,16,100,99,0,80,0,0,128,16,16,43,1
75818,20,3,2,255,1,0,0,0,1,9,64,140,108,104,1,16,2,6,128,4,104,181,0,32,0,0,10,0,185,120,0,48,0,6,0,2,229,168,1,64,0,0,128,16,100,99,0,80,0,0,128,16,16,43,1
75819,20,3,2,255,1,0,0,0,1,9,64,140,108,104,1,16,2,6,128,4,104,180,0,32,0,0,10,0,185,120,0,48,0,6,0,2,229,168,1,64,0,0,128,16,100,99,0,80,0,0,128,16,16,43,1
75820,20,3,2,255,1,0,0,0,1,9,64,140,108,104,1,16,2,6,128,4,104,179,0,32,0,0,10,0,185,120,0,48,0,6,0,2,229,168,1,64,0,0,128,16,100,99,0,80,0,0,128,16,16,43,1
75821,20,3,2,255,1,0,0,0,1,9,64,140,108,104,1,16,2,6,128,4,104,178,0,32,0,0,10,0,185,120,0,48,0,6,0,2,229,168,1,64,0,0,128,16,100,99,0,80,0,0,128,16,16,43,1
75822,20,3,2,255,1,0,0,0,1,9,64,140,108,104,1,16,2,6,128,4,104,177,0,32,0,0,10,0,185,120,0,48,0,6,0,2,229,168,1,64,0,0,128,16,100,99,0,80,0,0,128,16,16,43,1
75823,20,3,2,255,1,0,0,0,1,9,64,140,108,104,1,16,2,6,128,4,104,176,0,32,0,0,10,0,185,120,0,48,0,6,0,2,229,168,1,64,0,0,128,16,100,99,0,80,0,0,128,16,16,43,1
75824,20,3,2,255,1,0,0,0,1,9,64,140,108,104,1,16,2,6,128,4,104,175,0,32,0,0,10,0,185,120,0,48,0,6,0,2,229,168,1,64,0,0,128,16,100,99,0,80,0,0,128,16,16,43,1
75825,20,3,2,255,1,0,0,0,1,9,64,140,108,104,1,16,2,6,128,4,104,175,0,32,0,0,10,0,185,120,0,48,0,6,0,2,229,168,1,64,0,0,128,16,100,99,0,80,0,0,128,16,16,43,1
75826,20,3,2,255,1,0,0,0,1,9,64,140,108,104,1,16,2,6,128,4,104,175,0,32,0,0,10,0,185,120,0,48,0,6,0,2,229,168,1,64,0,0,128,16,100,99,0,80,0,0,128,16,16,43,1
75827,20,3,2,255,1,0,0,0,1,9,64,140,108,104,1,16,2,6,128,4,104,174,0,32,0,0,10,0,185,120,0,48,0,6,0,2,229,168,1,64,0,0,128,16,100,99,0,80,0,0,128,16,16,43,1
75828,20,3,2,255,1,0,0,0,1,9,64,140,108,104,1,16,2,6,128,4,104,173,0,32,0,0,10,0,185,120,0,48,0,6,0,2,229,168,1,64,0,0,128,16,100,99,0,80,0,0,128,16,16,43,1
75829,20,3,2,255,1,0,0,0,1,9,64,140,108,104,1,16,2,6,128,4,104,172,0,32,0,0,10,0,185,120,0,48,0,6,0,2,229,168,1,64,0,0,128,16,100,99,0,80,0,0,128,16,16,43,1
75830,20,3,2,255,1,0,0,0,1,9,64,140,108,104,1,16,2,6,128,4,104,171,0,32,0,0,10,0,185,120,0,48,0,6,0,2,229,168,1,64,0,0,128,16,100,99,0,80,0,0,128,16,16,43,1
75831,20,3,2,255,1,0,0,0,1,9,64,140,108,104,1,16,2,6,128,4,104,170,0,32,0,0,10,0,185,120,0,48,0,6,0,2,229,168,1,64,0,0,128,16,100,99,0,80,0,0,128,16,16,43,1
75832,20,3,2,255,1,0,0,0,1,9,64,140,108,104,1,16,2,6,128,4,104,169,0,32,0,0,10,0,185,120,0,48,0,6,0,2,229,168,1,64,0,0,128,16,100,99,0,80,0,0,128,16,16,43,1
75833,20,3,2,255,1,0,0,0,1,9,64,140,108,104,1,16,2,6,128,4,104,169,0,32,0,0,10,0,185,120,0,48,0,6,0,2,229,168,1,64,0,0,128,16,100,99,0,80,0,0,128,16,16,43,1
75834,20,3,2,255,1,0,0,0,1,9,64,140,108,104,1,16,2,6,128,4,104,169,0,32,0,0,10,0,185,120,0,48,0,6,0,2,229,168,1,64,0,0,128,16,100,99,0,80,0,0,128,16,16,43,1
75835,20,3,2,255,1,0,0,0,1,9,64,140,108,104,1,16,2,6,128,4,104,168,0,32,0,0,10,0,185,120,0,48,0,6,0,2,229,168,1,64,0,0,128,16,100,99,0,80,0,0,128,16,16,43,1
75836,20,3,2,255,1,0,0,0,1,9,64,140,108,104,1,16,2,6,128,4,104,167,0,32,0,0,10,0,185,120,0,48,0,6,0,2,229,168,1,64,0,0,128,16,100,99,0,80,0,0,128,16,16,43,1
75837,20,3,2,255,1,0,0,0,1,9,64,140,108,104,1,16,2,6,128,4,104,166,0,32,0,0,10,0,185,120,0,48,0,6,0,2,229,168,1,64,0,0,128,16,100,99,0,80,0,0,128,16,16,43,1
75838,20,3,2,255,1,0,0,0,1,9,64,140,108,104,1,16,2,6,128,4,104,165,0,32,0,0,10,0,185,120,0,48,0,6,0,2,229,168,1,64,0,0,128,16,100,99,0,80,0,0,128,16,16,43,1
75839,20,3,2,255,1,0,0,0,1,9,64,140,108,104,1,16,2,6,128,4,104,164,0,32,0,0,10,0,185,120,0,48,0,6,0,2,229,168,1,64,0,0,128,16,100,99,0,80,0,0,128,16,16,43,1
75840,20,3,2,255,1,0,0,0,1,9,64,140,108,104,1,16,2,6,128,4,104,163,0,32,0,0,10,0,185,120,0,48,0,6,0,2,229,168,1,64,0,0,128,16,100,99,0,80,0,0,128,16,16,43,1
75841,20,3,2,255,1,0,0,0,1,9,64,140,108,104,1,16,2,6,128,4,104,163,0,32,0,0,10,0,185,120,0,48,0,6,0,2,229,168,1,64,0,0,128,16,100,99,0,80,0,0,128,16,16,43,1
75842,20,3,2,255,1,0,0,0,1,9,64,140,108,104,1,16,2,6,128,4,104,163,0,32,0,0,10,0,185,120,0,48,0,6,0,2,229,168,1,64,0,0,128,16,100,99,0,80,0,0,128,16,16,43,1
75843,20,3,2,255,1,0,0,0,1,9,64,140,108,104,1,16,2,6,128,4,104,162,0,32,0,0,10,0,185,120,0,48,0,6,0,2,229,168,1,64,0,0,128,16,100,99,0,80,0,0,128,16,16,43,1
75844,20,3,2,255,1,0,0,0,1,9,64,140,108,104,1,16,2,6,128,4,104,161,0,32,0,0,10,0,185,120,0,48,0,6,0,2,229,168,1,64,0,0,128,16,100,99,0,80,0,0,128,16,16,43,1
75845,20,3,2,255,1,0,0,0,1,9,64,140,108,104,1,16,2,6,128,4,104,160,0,32,0,0,10,0,185,120,0,48,0,6,0,2,229,168,1,64,0,0,128,16,100,99,0,80,0,0,128,16,16,43,1
75846,20,3,2,255,1,0,0,0,1,9,64,140,108,104,1,16,2,6,128,4,104,159,0,32,0,0,10,0,185,120,0,48,0,6,0,2,229,168,1,64,0,0,128,16,100,99,0,80,0,0,128,16,16,43,1
75847,20,3,2,255,1,0,0,0,1,9,64,140,108,104,1,16,2,6,128,4,104,158,0,32,0,0,10,0,185,120,0,48,0,6,0,2,229,168,1,64,0,0,128,16,100,99,0,80,0,0,128,16,16,43,1
75848,20,3,2,255,1,0,0,0,1,9,64,140,108,104,1,16,2,6,128,4,104,157,0,32,0,0,10,0,185,120,0,48,0,6,0,2,229,168,1,64,0,0,128,16,100,99,0,80,0,0,128,16,16,43,1
75849,20,3,2,255,1,0,0,0,1,9,64,140,108,104,1,16,2,6,128,4,104,157,0,32,0,0,10,0,185,120,0,48,0,6,0,2,229,168,1,64,0,0,128,16,100,99,0,80,0,0,128,16,16,43,1
75850,20,3,2,255,1,0,0,0,1,9,64,140,108,104,1,16,2,6,128,4,104,157,0,32,0,0,10,0,185,120,0,48,0,6,0,2,229,168,1,64,0,0,128,16,100,99,0,80,0,0,128,16,16,43,1
75851,20,3,2,255,1,0,0,0,1,9,64,140,108,104,1,16,2,6,128,4,104,156,0,32,0,0,10,0,185,120,0,48,0,6,0,2,229,168,1,64,0,0,128,16,100,99,0,80,0,0,128,16,16,43,1
75852,20,3,2,255,1,0,0,0,1,9,64,140,108,104,1,16,2,6,128,4,104,155,0,32,0,0,10,0,185,120,0,48,0,6,0,2,229,168,1,64,0,0,128,16,100,99,0,80,0,0,128,16,16,43,1
75853,20,3,2,255,1,0,0,0,1,9,64,140,108,104,1,16,2,6,128,4,104,154,0,32,0,0,10,0,185,120,0,48,0,6,0,2,229,168,1,64,0,0,128,16,100,99,0,80,0,0,128,16,16,43,1
75854,20,3,2,255,1,0,0,0,1,9,64,140,108,104,1,16,2,6,128,4,104,153,0,32,0,0,10,0,185,120,0,48,0,6,0,2,229,168,1,64,0,0,128,16,100,99,0,80,0,0,128,16,16,43,1
75855,20,3,2,255,1,0,0,0,1,9,64,140,108,104,1,16,2,6,128,4,105,152,0,32,0,0,10,0,185,120,0,48,0,6,0,2,229,168,1,64,0,0,128,16,100,99,0,80,0,0,128,16,16,43,1
75856,20,3,2,255,1,0,0,0,1,9,64,140,108,104,1,16,2,6,128,4,106,152,0,32,0,0,10,0,185,120,0,48,0,6,0,2,229,168,1,64,0,0,128,16,100,99,0,80,0,0,128,16,16,43,1
75857,20,3,2,255,1,0,0,0,1,9,64,140,108,104,1,16,2,6,128,4,106,152,0,32,0,0,10,0,185,120,0,48,0,6,0,2,229,168,1,64,0,0,128,16,100,99,0,80,0,0,128,16,16,43,1
75858,20,3,2,255,1,0,0,0,1,9,64,140,108,104,1,16,2,6,128,4,106,152,0,32,0,0,10,0,185,120,0,48,0,6,0,2,229,168,1,64,0,0,128,16,100,99,0,80,0,0,128,16,16,43,1
75859,20,3,2,255,1,0,0,0,1,9,64,140,108,104,1,16,2,6,128,4,107,152,0,32,0,0,10,0,185,120,0,48,0,6,0,2,229,168,1,64,0,0,128,16,100,99,0,80,0,0,128,16,16,43,1
75860,20,3,2,255,1,0,0,0,1,9,64,140,108,104,1,16,2,6,128,4,108,152,0,32,0,0,10,0,185,120,0,48,0,6,0,2,229,168,1,64,0,0,128,16,100,99,0,80,0,0,128,16,16,43,1
75861,20,3,2,255,1,0,0,0,1,9,64,140,108,104,1,16,2,6,128,4,109,152,0,32,0,0,10,0,185,120,0,48,0,6,0,2,229,168,1,64,0,0,128,16,100,99,0,80,0,0,128,16,16,43,1
75862,20,3,2,255,1,0,0,0,1,9,64,140,108,104,1,16,2,6,128,4,110,152,0,32,0,0,10,0,185,120,0,48,0,6,0,2,229,168,1,64,0,0,128,16,100,99,0,80,0,0,128,16,16,43,1
75863,20,3,2,255,1,0,0,0,1,9,64,140,108,104,1,16,2,6,128,4,111,152,0,32,0,0,10,0,185,120,0,48,0,6,0,2,229,168,1,64,0,0,128,16,100,99,0,80,0,0,128,16,16,43,1
75864,20,3,2,255,1,0,0,0,1,9,64,140,108,104,1,16,2,6,128,4,112,152,0,32,0,0,10,0,185,120,0,48,0,6,0,2,229,168,1,64,0,0,128,16,100,99,0,80,0,0,128,16,16,43,1
75865,20,3,2,255,1,0,0,0,1,9,64,140,108,104,1,16,2,6,128,4,112,152,0,32,0,0,10,0,185,120,0,48,0,6,0,2,229,168,1,64,0,0,128,16,100,99,0,80,0,0,128,16,16,43,1
75866,20,3,2,255,1,0,0,0,1,9,64,140,108,104,1,16,2,6,128,4,112,152,0,32,0,0,10,0,185,120,0,48,0,6,0,2,229,168,1,64,0,0,128,16,100,99,0,80,0,0,128,16,16,43,1
75867,20,3,2,255,1,0,0,0,1,9,64,140,108,104,1,16,2,6,128,4,113,152,0,32,0,0,10,0,185,120,0,48,0,6,0,2,229,168,1,64,0,0,128,16,100,99,0,80,0,0,128,16,16,43,1
75868,20,3,2,255,1,0,0,0,1,9,64,140,108,104,1,16,2,6,128,4,114,152,0,32,0,0,10,0,185,120,0,48,0,6,0,2,229,168,1,64,0,0,128,16,100,99,0,80,0,0,128,16,16,43,1
75869,20,3,2,255,1,0,0,0,1,9,64,140,108,104,1,16,2,6,128,4,115,152,0,32,0,0,10,0,185,120,0,48,0,6,0,2,229,168,1,64,0,0,128,16,100,99,0,80,0,0,128,16,16,43,1
75870,20,3,2,255,1,0,0,0,1,9,64,140,108,104,1,16,2,6,128,4,116,152,0,32,0,0,10,0,185,120,0,48,0,6,0,2,229,168,1,64,0,0,128,16,100,99,0,80,0,0,128,16,16,43,1
75871,20,3,2,255,1,0,0,0,1,9,64,140,108,104,1,16,2,6,128,4,117,152,0,32,0,0,10,0,185,120,0,48,0,6,0,2,229,168,1,64,0,0,128,16,100,99,0,80,0,0,128,16,16,43,1
75872,20,3,2,255,1,0,0,0,1,9,64,140,108,104,1,16,2,6,128,4,118,152,0,32,0,0,10,0,185,120,0,48,0,6,0,2,229,168,1,64,0,0,128,16,100,99,0,80,0,0,128,16,16,43,1
75873,20,3,2,255,1,0,0,0,1,9,64,140,108,104,1,16,2,6,128,4,118,152,0,32,0,0,10,0,185,120,0,48,0,6,0,2,229,168,1,64,0,0,128,16,100,99,0,80,0,0,128,16,16,43,1
75874,20,3,2,255,1,0,0,0,1,9,64,140,108,104,1,16,2,6,128,4,118,152,0,32,0,0,10,0,185,120,0,48,0,6,0,2,229,168,1,64,0,0,128,16,100,99,0,80,0,0,128,16,16,43,1
75875,20,3,2,255,1,0,0,0,1,9,64,140,108,104,1,16,2,6,128,4,119,152,0,32,0,0,10,0,185,120,0,48,0,6,0,2,229,168,1,64,0,0,128,16,100,99,0,80,0,0,128,16,16,43,1
75876,20,3,2,255,1,0,0,0,1,9,64,140,108,104,1,16,2,6,128,4,120,152,0,32,0,0,10,0,185,120,0,48,0,6,0,2,229,168,1,64,0,0,128,16,100,99,0,80,0,0,128,16,16,43,1
75877,20,3,2,255,1,0,0,0,1,9,64,140,108,104,1,16,2,6,128,4,120,152,0,32,0,0,10,0,185,120,0,48,0,6,0,2,229,168,1,64,0,0,128,16,100,99,0,80,0,0,128,16,16,43,1
75878,20,3,2,255,1,0,0,0,1,9,64,140,108,104,1,16,2,6,128,4,120,152,0,32,0,0,10,0,185,120,0,48,0,6,0,2,229,168,1,64,0,0,128,16,100,99,0,80,0,0,128,16,16,43,1
75879,20,3,2,255,1,0,0,0,1,9,64,140,108,104,1,16,2,6,128,4,120,152,0,32,0,0,10,0,185,120,0,48,0,6,0,2,229,168,1,64,0,0,128,16,100,99,0,80,0,0,128,16,16,43,1
75880,20,3,2,255,1,0,0,0,1,9,64,140,108,104,1,16,2,6,128,4,120,152,0,32,0,0,10,0,185,120,0,48,0,6,0,2,229,168,1,64,0,0,128,16,100,99,0,80,0,0,128,16,16,43,1
75881,20,3,2,255,1,0,0,0,1,9,64,140,108,104,1,16,2,6,128,4,120,152,0,32,0,0,10,0,185,120,0,48,0,6,0,2,229,168,1,64,0,0,128,16,100,99,0,80,0,0,128,16,16,43,1
75882,20,3,2,255,1,0,0,0,1,9,64,140,108,104,1,16,2,6,128,4,120,152,0,32,0,0,10,0,185,120,0,48,0,6,0,2,229,168,1,64,0,0,128,16,100,99,0,80,0,0,128,16,16,43,1
75883,20,3,2,255,1,0,0,0,1,9,64,140,108,104,1,16,2,6,128,4,120,152,0,32,0,0,10,0,185,120,0,48,0,6,0,2,229,168,1,64,0,0,128,16,100,99,0,80,0,0,128,16,16,43,1
75884,20,3,2,255,1,0,0,0,1,9,64,140,108,104,1,16,2,6,128,4,120,152,0,32,0,0,10,0,185,120,0,48,0,6,0,2,229,168,1,64,0,0,128,16,100,99,0,80,0,0,128,16,16,43,1
75885,20,3,2,255,1,0,0,0,1,9,64,140,108,104,1,16,2,6,128,4,120,152,0,32,0,0,10,0,185,120,0,48,0,6,0,2,229,168,1,64,0,0,128,16,100,99,0,80,0,0,128,16,16,43,1
75886,20,3,2,255,1,0,0,0,1,9,64,140,108,104,1,16,2,6,128,4,120,152,0,32,0,0,10,0,185,120,0,48,0,6,0,2,229,168,1,64,0,0,128,16,100,99,0,80,0,0,128,16,16,43,1
75887,20,3,2,255,1,0,0,0,1,9,64,140,108,104,1,16,2,6,128,4,120,152,0,32,0,0,10,0,185,120,0,48,0,6,0,2,229,168,1,64,0,0,128,16,100,99,0,80,0,0,128,16,16,43,1
75888,20,3,2,255,1,0,0,0,1,9,64,140,108,104,1,16,2,6,128,4,120,152,0,32,0,0,10,0,185,120,0,48,0,6,0,2,229,168,1,64,0,0,128,16,100,99,0,80,0,0,128,16,16,43,1
75889,20,3,2,255,1,0,0,0,1,9,64,140,108,104,1,16,2,6,128,4,120,152,0,32,0,0,10,0,185,120,0,48,0,6,0,2,229,168,1,64,0,0,128,16,100,99,0,80,0,0,128,16,16,43,1
75890,20,3,2,255,1,0,0,0,1,9,64,140,108,104,1,16,2,6,128,4,120,152,0,32,0,0,10,0,185,120,0,48,0,6,0,2,229,168,1,64,0,0,128,16,100,99,0,80,0,0,128,16,16,43,1
75891,20,3,2,255,1,0,0,0,1,9,64,140,108,104,1,16,2,6,128,4,120,152,0,32,0,0,10,0,185,120,0,48,0,6,0,2,229,168,1,64,0,0,128,16,100,99,0,80,0,0,128,16,16,43,1
75892,20,3,2,255,1,0,0,0,1,9,64,140,108,104,1,16,2,6,128,4,120,152,0,32,0,0,10,0,185,120,0,48,0,6,0,2,229,168,1,64,0,0,128,16,100,99,0,80,0,0,128,16,16,43,1
75893,20,3,2,255,1,0,0,0,1,9,64,140,108,104,1,16,2,6,128,4,120,152,0,32,0,0,10,0,185,120,0,48,0,6,0,2,229,168,1,64,0,0,128,16,100,99,0,80,0,0,128,16,16,43,1
75894,20,3,2,255,1,0,0,0,1,9,64,140,108,104,1,16,2,6,128,4,120,152,0,32,0,0,10,0,185,120,0,48,0,6,0,2,229,168,1,64,0,0,128,16,100,99,0,80,0,0,128,16,16,43,1
75895,20,3,2,255,1,0,0,0,1,9,64,140,108,104,1,16,2,6,128,4,120,152,0,32,0,0,10,0,185,120,0,48,0,6,0,2,229,168,1,64,0,0,128,16,100,99,0,80,0,0,128,16,16,43,1
75896,20,3,2,255,1,0,0,0,1,9,64,140,108,104,1,16,2,6,128,4,120,152,0,32,0,0,10,0,185,120,0,48,0,6,0,2,229,168,1,64,0,0,128,16,100,99,0,80,0,0,128,16,16,43,1
75897,20,3,2,255,1,0,0,0,1,9,64,140,108,104,1,16,2,6,128,4,120,152,0,32,0,0,10,0,185,120,0,48,0,6,0,2,229,168,1,64,0,0,128,16,100,99,0,80,0,0,128,16,16,43,1
75898,20,3,2,255,1,0,0,0,1,9,64,140,108,104,1,16,2,6,128,4,120,152,0,32,0,0,10,0,185,120,0,48,0,6,0,2,229,168,1,64,0,0,128,16,100,99,0,80,0,0,128,16,16,43,1
75899,20,3,2,255,1,0,0,0,1,9,64,140,108,104,1,16,2,6,128,4,120,152,0,32,0,0,10,0,185,120,0,48,0,6,0,2,229,168,1,64,0,0,128,16,100,99,0,80,0,0,128,16,16,43,1
75900,20,3,2,255,1,0,0,0,1,9,64,140,108,104,1,16,2,6,128,4,120,152,0,32,0,0,10,0,185,120,0,48,0,6,0,2,229,168,1,64,0,0,128,16,100,99,0,80,0,0,128,16,16,43,1
75901,20,3,2,255,1,0,0,0,1,9,64,140,108,104,1,16,2,6,128,4,120,152,0,32,0,0,10,0,185,120,0,48,0,6,0,2,229,168,1,64,0,0,128,16,100,99,0,80,0,0,128,16,16,43,1
75902,20,3,2,255,1,0,0,0,1,9,64,140,108,104,1,16,2,6,128,4,120,152,0,32,0,0,10,0,185,120,0,48,0,6,0,2,229,168,1,64,0,0,128,16,100,99,0,80,0,0,128,16,16,43,1
75903,20,3,2,255,1,0,0,0,1,9,64,140,108,104,1,16,2,6,128,4,120,152,0,32,0,0,10,0,185,120,0,48,0,6,0,2,229,168,1,64,0,0,128,16,100,99,0,80,0,0,128,16,16,43,1
75904,20,3,2,255,1,0,0,0,1,9,64,140,108,104,1,16,2,6,128,4,120,152,0,32,0,0,10,0,185,120,0,48,0,6,0,2,229,168,1,64,0,0,128,16,100,99,0,80,0,0,128,16,16,43,1
75905,20,3,2,255,1,0,0,0,1,9,64,140,108,104,1,16,2,6,128,4,120,152,0,32,0,0,10,0,185,120,0,48,0,6,0,2,229,168,1,64,0,0,128,16,100,99,0,80,0,0,128,16,16,43,1
75906,20,3,2,255,1,0,0,0,1,9,64,140,108,104,1,16,2,6,128,4,120,152,0,32,0,0,10,0,185,120,0,48,0,6,0,2,229,168,1,64,0,0,128,16,100,99,0,80,0,0,128,16,16,43,1
75907,20,3,2,255,1,0,0,0,1,9,64,140,108,104,1,16,2,6,128,4,120,152,0,32,0,0,10,0,185,120,0,48,0,6,0,2,229,168,1,64,0,0,128,16,100,99,0,80,0,0,128,16,16,43,1
75908,20,3,2,255,1,0,0,0,1,9,64,140,108,104,1,16,2,6,128,4,120,152,0,32,0,0,10,0,185,120,0,48,0,6,0,2,229,168,1,64,0,0,128,16,100,99,0,80,0,0,128,16,16,43,1
75909,20,3,2,255,1,0,0,0,1,9,64,140,108,104,1,16,2,6,128,4,120,152,0,32,0,0,10,0,185,120,0,48,0,6,0,2,229,168,1,64,0,0,128,16,100,99,0,80,0,0,128,16,16,43,1
75910,20,3,2,255,1,0,0,0,1,9,64,140,108,104,1,16,2,6,128,4,120,152,0,32,0,0,10,0,185,120,0,48,0,6,0,2,229,168,1,64,0,0,128,16,100,99,0,80,0,0,128,16,16,43,1
75911,20,3,2,255,1,0,0,0,1,9,64,140,108,104,1,16,2,6,128,4,120,152,0,32,0,0,10,0,185,120,0,48,0,6,0,2,229,168,1,64,0,0,128,16,100,99,0,80,0,0,128,16,16,43,1
75912,20,3,2,255,1,0,0,0,1,9,64,140,108,104,1,16,2,6,128,4,120,152,0,32,0,0,10,0,185,120,0,48,0,6,0,2,229,168,1,64,0,0,128,16,100,99,0,80,0,0,128,16,16,43,1
75913,20,3,2,255,1,0,0,0,1,9,64,140,108,104,1,16,2,6,128,4,120,152,0,32,0,0,10,0,185,120,0,48,0,6,0,2,229,168,1,64,0,0,128,16,100,99,0,80,0,0,128,16,16,43,1
75914,20,3,2,255,1,0,0,0,1,9,64,140,108,104,1,16,2,6,128,4,120,152,0,32,0,0,10,0,185,120,0,48,0,6,0,2,229,168,1,64,0,0,128,16,100,99,0,80,0,0,128,16,16,43,1
75915,20,3,2,255,1,0,0,0,1,9,64,140,108,104,1,16,2,6,128,4,120,152,0,32,0,0,10,0,185,120,0,48,0,6,0,2,229,168,1,64,0,0,128,16,100,99,0,80,0,0,128,16,16,43,1
75916,20,3,2,255,1,0,0,0,1,9,64,140,108,104,1,16,2,6,128,4,120,152,0,32,0,0,10,0,185,120,0,48,0,6,0,2,229,168,1,64,0,0,128,16,100,99,0,80,0,0,128,16,16,43,1
75917,20,3,2,255,1,0,0,0,1,9,64,140,108,104,1,16,2,6,128,4,120,152,0,32,0,0,10,0,185,120,0,48,0,6,0,2,229,168,1,64,0,0,128,16,100,99,0,80,0,0,128,16,16,43,1
75918,20,3,2,255,1,0,0,0,1,9,64,140,108,104,1,16,2,6,128,4,120,152,0,32,0,0,10,0,185,120,0,48,0,6,0,2,229,168,1,64,0,0,128,16,100,99,0,80,0,0,128,16,16,43,1
75919,20,3,2,255,1,0,0,0,1,9,64,140,108,104,1,16,2,6,128,4,120,152,0,32,0,0,10,0,185,120,0,48,0,6,0,2,229,168,1,64,0,0,128,16,100,99,0,80,0,0,128,16,16,43,1
75920,20,3,2,255,1,0,0,0,1,9,64,140,108,104,1,16,2,6,128,4,120,152,0,32,0,0,10,0,185,120,0,48,0,6,0,2,229,168,1,64,0,0,128,16,100,99,0,80,0,0,128,16,16,43,1
75921,20,3,2,255,1,0,0,0,1,9,64,140,108,104,1,16,2,6,128,4,120,152,0,32,0,0,10,0,185,120,0,48,0,6,0,2,229,168,1,64,0,0,128,16,100,99,0,80,0,0,128,16,16,43,1
75922,20,3,2,255,1,0,0,0,1,9,64,140,108,104,1,16,2,6,128,4,120,152,0,32,0,0,10,0,185,120,0,48,0,6,0,2,229,168,1,64,0,0,128,16,100,99,0,80,0,0,128,16,16,43,1
75923,20,3,2,255,1,0,0,0,1,9,64,140,108,104,1,16,2,6,128,4,120,152,0,32,0,0,10,0,185,120,0,48,0,6,0,2,229,168,1,64,0,0,128,16,100,99,0,80,0,0,128,16,16,43,1
75924,20,3,2,255,1,0,0,0,1,9,64,140,108,104,1,16,2,6,128,4,120,152,0,32,0,0,10,0,185,120,0,48,0,6,0,2,229,168,1,64,0,0,128,16,100,99,0,80,0,0,128,16,16,43,1
75925,20,3,2,255,1,0,0,0,2,9,64,140,108,104,1,16,2,6,128,4,120,152,0,32,0,0,10,0,185,120,0,48,0,6,0,2,229,168,1,64,0,0,128,16,100,99,0,80,0,0,128,16,16,43,1
75926,20,3,2,255,1,0,0,0,2,9,64,140,108,104,1,16,2,6,128,4,120,152,0,32,0,0,10,0,185,120,0,48,0,6,0,2,229,168,1,64,0,0,128,16,100,99,0,80,0,0,128,16,16,43,1
75927,20,3,2,255,1,0,0,0,2,9,64,140,108,99,1,16,2,6,128,4,120,152,0,32,0,0,10,0,185,120,0,48,0,6,0,2,229,168,1,64,0,0,128,16,100,99,0,80,0,0,128,16,16,43,1
75928,20,3,2,255,1,0,0,0,2,9,64,140,108,99,1,16,2,6,128,4,120,152,0,32,0,0,10,0,185,120,0,48,0,6,0,2,229,168,1,64,0,0,128,16,100,99,0,80,0,0,128,16,16,43,1
75929,20,3,2,255,1,0,0,0,2,9,64,140,108,94,1,16,2,6,128,4,120,152,0,32,0,0,10,0,185,120,0,48,0,6,0,2,229,168,1,64,0,0,128,16,100,99,0,80,0,0,128,16,16,43,1
75930,20,3,2,255,1,0,0,0,2,9,64,140,108,94,1,16,2,6,128,4,120,152,0,32,0,0,10,0,185,120,0,48,0,6,0,2,229,168,1,64,0,0,128,16,100,99,0,80,0,0,128,16,16,43,1
75931,20,3,2,255,1,0,0,0,2,9,64,140,108,89,1,16,2,6,128,4,120,152,0,32,0,0,10,0,185,120,0,48,0,6,0,2,229,168,1,64,0,0,128,16,100,99,0,80,0,0,128,16,16,43,1
75932,20,3,2,255,1,0,0,0,2,9,64,140,108,89,1,16,2,6,128,4,120,152,0,32,0,0,10,0,185,120,0,48,0,6,0,2,229,168,1,64,0,0,128,16,100,99,0,80,0,0,128,16,16,43,1
75933,20,3,2,255,1,0,0,0,2,9,64,140,108,85,1,16,2,6,128,4,120,152,0,32,0,0,10,0,185,120,0,48,0,6,0,2,229,168,1,64,0,0,128,16,100,99,0,80,0,0,128,16,16,43,1
75934,20,3,2,255,1,0,0,0,2,9,64,140,108,85,1,16,2,6,128,4,120,152,0,32,0,0,10,0,185,120,0,48,0,6,0,2,229,168,1,64,0,0,128,16,100,99,0,80,0,0,128,16,16,43,1
75935,20,3,2,255,1,0,0,0,2,9,64,140,108,82,1,16,2,6,128,4,120,152,0,32,0,0,10,0,185,120,0,48,0,6,0,2,229,168,1,64,0,0,128,16,100,99,0,80,0,0,128,16,16,43,1
75936,20,3,2,255,1,0,0,0,2,9,64,140,108,82,1,16,2,6,128,4,120,152,0,32,0,0,10,0,185,120,0,48,0,6,0,2,229,168,1,64,0,0,128,16,100,99,0,80,0,0,128,16,16,43,1
75937,20,3,2,255,1,0,0,0,2,9,64,140,108,79,1,16,2,6,128,4,120,152,0,32,0,0,10,0,185,120,0,48,0,6,0,2,229,168,1,64,0,0,128,16,100,99,0,80,0,0,128,16,16,43,1
75938,20,3,2,255,1,0,0,0,2,9,64,140,108,79,1,16,2,6,128,4,120,152,0,32,0,0,10,0,185,120,0,48,0,6,0,2,229,168,1,64,0,0,128,16,100,99,0,80,0,0,128,16,16,43,1
75939,20,3,5,255,1,0,0,0,2,9,64,140,108,76,1,16,2,6,128,4,120,152,0,32,0,0,10,0,185,120,0,48,0,6,0,2,229,168,1,64,0,0,128,16,100,99,0,80,0,0,128,16,16,43,1
75940,20,3,5,255,1,0,0,0,2,9,64,140,108,76,1,16,2,6,128,4,120,152,0,32,0,0,10,0,185,120,0,48,0,6,0,2,229,168,1,64,0,0,128,16,100,99,0,80,0,0,128,16,16,43,1
75941,20,3,5,255,1,0,0,0,2,9,64,140,108,74,1,16,2,6,128,4,120,152,0,32,0,0,10,0,185,120,0,48,0,6,0,2,229,168,1,64,0,0,128,16,100,99,0,80,0,0,128,16,16,43,1
75942,20,3,5,255,1,0,0,0,2,9,64,140,108,74,1,16,2,6,128,4,120,152,0,32,0,0,10,0,185,120,0,48,0,6,0,2,229,168,1,64,0,0,128,16,100,99,0,80,0,0,128,16,16,43,1
75943,20,3,5,255,1,0,0,0,2,9,64,140,108,73,1,16,2,6,128,4,120,152,0,32,0,0,10,0,185,120,0,48,0,6,0,2,229,168,1,64,0,0,128,16,100,99,0,80,0,0,128,16,16,43,1
75944,20,3,5,255,1,0,0,0,2,9,64,140,108,73,1,16,2,6,128,4,120,152,0,32,0,0,10,0,185,120,0,48,0,6,0,2,229,168,1,64,0,0,128,16,100,99,0,80,0,0,128,16,16,43,1
75945,20,3,5,255,1,0,0,0,2,9,64,140,108,72,1,16,2,6,128,4,120,152,0,32,0,0,10,0,185,120,0,48,0,6,0,2,229,168,1,64,0,0,128,16,100,99,0,80,0,0,128,16,16,43,1
75946,20,3,5,255,1,0,0,0,2,9,64,140,108,72,1,16,2,6,128,4,120,152,0,32,0,0,10,0,185,120,0,48,0,6,0,2,229,168,1,64,0,0,128,16,100,99,0,80,0,0,128,16,16,43,1
75947,20,3,5,255,1,0,0,0,2,9,64,140,108,71,1,16,2,6,128,4,120,152,0,32,0,0,10,0,185,120,0,48,0,6,0,2,229,168,1,64,0,0,128,16,100,99,0,80,0,0,128,16,16,43,1
75948,20,3,5,255,1,0,0,0,2,9,64,140,108,71,1,16,2,6,128,4,120,152,0,32,0,0,10,0,185,120,0,48,0,6,0,2,229,168,1,64,0,0,128,16,100,99,0,80,0,0,128,16,16,43,1
75949,20,3,5,255,1,0,0,0,2,9,64,140,108,71,1,16,2,6,128,4,120,152,0,32,0,0,10,0,185,120,0,48,0,6,0,2,229,168,1,64,0,0,128,16,100,99,0,80,0,0,128,16,16,43,1
75950,20,3,5,255,1,0,0,0,2,9,64,140,108,71,1,16,2,6,128,4,120,152,0,32,0,0,10,0,185,120,0,48,0,6,0,2,229,168,1,64,0,0,128,16,100,99,0,80,0,0,128,16,16,43,1
75951,20,3,5,255,1,0,0,0,2,9,64,140,108,71,1,16,2,6,128,4,120,152,0,32,0,0,10,0,185,120,0,48,0,6,0,2,229,168,1,64,0,0,128,16,100,99,0,80,0,0,128,16,16,43,1
75952,20,3,5,255,1,0,0,0,2,9,64,140,108,71,1,16,2,6,128,4,120,152,0,32,0,0,10,0,185,120,0,48,0,6,0,2,229,168,1,64,0,0,128,16,100,99,0,80,0,0,128,16,16,43,1
75953,20,3,5,255,1,0,0,0,2,9,64,140,108,72,1,16,2,6,128,4,120,152,0,32,0,0,10,0,185,120,0,48,0,6,0,2,229,168,1,64,0,0,128,16,100,99,0,80,0,0,128,16,16,43,1
75954,20,3,5,255,1,0,0,0,2,9,64,140,108,72,1,16,2,6,128,4,120,152,0,32,0,0,10,0,185,120,0,48,0,6,0,2,229,168,1,64,0,0,128,16,100,99,0,80,0,0,128,16,16,43,1
75955,20,3,5,255,1,0,0,0,2,9,64,140,108,74,1,16,2,6,128,4,120,152,0,32,0,0,10,0,185,120,0,48,0,6,0,2,229,168,1,64,0,0,128,16,100,99,0,80,0,0,128,16,16,43,1
75956,20,3,5,255,1,0,0,0,2,9,64,140,108,74,1,16,2,6,128,4,120,152,0,32,0,0,10,0,185,120,0,48,0,6,0,2,229,168,1,64,0,0,128,16,100,99,0,80,0,0,128,16,16,43,1
75957,20,3,5,255,1,0,0,0,2,9,64,140,108,76,1,16,2,6,128,4,120,152,0,32,0,0,10,0,185,120,0,48,0,6,0,2,229,168,1,64,0,0,128,16,100,99,0,80,0,0,128,16,16,43,1
75958,20,3,5,255,1,0,0,0,2,9,64,140,108,76,1,16,2,6,128,4,120,152,0,32,0,0,10,0,185,120,0,48,0,6,0,2,229,168,1,64,0,0,128,16,100,99,0,80,0,0,128,16,16,43,1
75959,20,3,5,255,1,0,0,0,2,9,64,140,108,78,1,16,2,6,128,4,120,152,0,32,0,0,10,0,185,120,0,48,0,6,0,2,229,168,1,64,0,0,128,16,100,99,0,80,0,0,128,16,16,43,1
75960,20,3,5,255,1,0,0,0,2,9,64,140,108,78,1,16,2,6,128,4,120,152,0,32,0,0,10,0,185,120,0,48,0,6,0,2,229,168,1,64,0,0,128,16,100,99,0,80,0,0,128,16,16,43,1
75961,20,3,5,255,1,0,0,0,2,9,64,140,108,81,1,16,2,6,128,4,120,152,0,32,0,0,10,0,185,120,0,48,0,6,0,2,229,168,1,64,0,0,128,16,100,99,0,80,0,0,128,16,16,43,1
75962,20,3,5,255,1,0,0,0,2,9,64,140,108,81,1,16,2,6,128,4,120,152,0,32,0,0,10,0,185,120,0,48,0,6,0,2,229,168,1,64,0,0,128,16,100,99,0,80,0,0,128,16,16,43,1
75963,20,3,5,255,1,0,0,0,2,9,64,140,108,84,1,16,2,6,128,4,120,152,0,32,0,0,10,0,185,120,0,48,0,6,0,2,229,168,1,64,0,0,128,16,100,99,0,80,1,10,0,255,116,73,1
75964,20,3,5,255,1,0,0,0,2,9,64,140,108,84,1,16,2,6,128,4,120,152,0,32,0,0,10,0,185,120,0,48,0,6,0,2,229,168,1,64,0,0,128,16,100,99,0,80,2,10,0,255,116,73,1
75965,20,3,5,255,1,0,0,0,2,9,64,140,108,88,1,16,2,6,128,4,120,152,0,32,0,0,10,0,185,120,0,48,0,6,0,2,229,168,1,64,0,0,128,16,100,99,0,80,2,10,0,255,116,73,1
75966,20,3,5,255,1,0,0,0,2,9,64,140,108,88,1,16,2,6,128,4,120,152,0,32,0,0,10,0,185,120,0,48,0,6,0,2,229,168,1,64,0,0,128,16,100,99,0,80,2,10,0,255,116,67,1
75967,20,3,5,255,1,0,0,0,2,9,64,140,108,93,1,16,2,6,128,4,120,152,0,32,0,0,10,0,185,120,0,48,0,6,0,2,229,168,1,64,0,0,128,16,100,99,0,80,2,10,0,255,116,67,1
75968,20,3,5,255,1,0,0,0,2,9,64,140,108,93,1,16,2,6,128,4,120,152,0,32,0,0,10,0,185,120,0,48,0,6,0,2,229,168,1,64,0,0,128,16,100,99,0,80,2,10,0,255,116,61,1
75969,20,3,5,255,1,0,0,0,2,9,64,140,108,98,1,16,2,6,128,4,120,152,0,32,0,0,10,0,185,120,0,48,0,6,0,2,229,168,1,64,0,0,128,16,100,99,0,80,2,10,0,255,116,61,1
75970,20,3,0,255,0,0,0,0,2,9,64,140,108,98,1,16,2,6,128,4,120,152,0,32,0,0,10,0,185,120,0,48,0,6,0,2,229,168,1,64,0,0,128,16,100,99,0,80,2,10,0,255,116,55,1
75971,20,3,0,255,0,0,0,0,2,9,64,140,108,103,1,16,2,6,128,4,120,152,0,32,0,0,10,0,185,120,0,48,0,6,0,2,229,168,1,64,0,0,128,16,100,99,0,80,2,10,0,255,116,55,1
75972,20,3,0,255,0,0,0,0,2,9,64,140,108,103,1,16,2,6,128,4,120,152,0,32,0,0,10,0,185,120,0,48,0,6,0,2,229,168,1,64,0,0,128,16,100,99,0,80,2,10,0,255,117,50,1
75973,20,3,0,255,0,0,0,0,2,9,64,140,108,109,1,16,2,6,128,4,120,152,0,32,0,0,10,0,185,120,0,48,0,6,0,2,229,168,1,64,0,0,128,16,100,99,0,80,2,10,0,255,117,50,1
75974,20,3,0,255,0,0,0,0,2,9,64,140,108,109,1,16,2,6,128,4,120,152,0,32,0,0,10,0,185,120,0,48,0,6,0,2,229,168,1,64,0,0,128,16,100,99,0,80,2,10,0,255,117,46,1
75975,20,3,0,255,0,0,0,0,2,9,64,140,108,109,1,16,2,6,128,4,120,152,0,32,0,0,10,0,185,120,0,48,0,6,0,2,229,168,1,64,0,0,128,16,100,99,0,80,2,10,0,255,117,46,1
75976,20,3,0,255,0,0,0,0,2,9,64,140,108,109,1,16,2,6,128,4,120,152,0,32,0,0,10,0,185,120,0,48,0,6,0,2,229,168,1,64,0,0,128,16,100,99,0,80,2,10,0,255,118,42,1
75977,20,3,0,255,0,0,0,0,1,9,64,140,108,109,1,16,2,6,128,4,120,152,0,32,0,0,10,0,185,120,0,48,0,6,0,2,229,168,1,64,0,0,128,16,100,99,0,80,2,10,0,255,118,42,1
75978,20,3,0,255,0,0,0,0,1,9,64,140,108,109,1,16,2,6,128,4,120,152,0,32,0,0,10,0,185,120,0,48,0,6,0,2,229,168,1,64,0,0,128,16,100,99,0,80,2,10,0,255,119,39,1
75979,20,3,0,255,0,0,0,0,1,9,64,140,108,109,1,16,2,6,128,4,120,152,0,32,0,0,10,0,185,120,0,48,0,6,0,2,229,168,1,64,1,10,0,255,116,101,1,80,2,10,0,255,119,39,1
75980,20,3,0,255,0,0,0,0,1,9,64,140,108,109,1,16,2,6,128,4,120,152,0,32,0,0,10,0,185,120,0,48,0,6,0,2,229,168,1,64,1,10,0,255,116,101,1,80,2,10,0,255,120,39,1
75981,20,3,0,255,0,0,0,0,1,9,64,140,108,109,1,16,2,6,128,4,120,152,0,32,0,0,10,0,185,120,0,48,0,6,0,2,229,168,1,64,1,10,0,255,116,101,1,80,2,10,0,255,120,39,1
75982,20,3,0,255,0,0,0,0,1,9,64,140,108,109,1,16,2,6,128,4,120,152,0,32,0,0,10,0,185,120,0,48,0,6,0,2,229,168,1,64,2,10,0,255,116,101,1,80,2,10,0,255,120,39,1
75983,20,3,0,255,0,0,0,0,1,9,64,140,108,109,1,16,2,6,128,4,120,152,0,32,0,0,10,0,185,120,0,48,0,6,0,2,229,168,1,64,2,10,0,255,116,101,1,80,2,10,0,255,121,39,1
75984,20,3,0,255,0,0,0,0,1,9,64,140,108,109,1,16,2,6,128,4,120,152,0,32,0,0,10,0,185,120,0,48,0,6,0,2,229,168,1,64,2,10,0,255,116,94,1,80,2,10,0,255,121,39,1
75985,20,3,0,255,0,0,0,0,1,9,64,140,108,109,1,16,2,6,128,4,120,152,0,32,0,0,10,0,185,120,0,48,0,6,0,2,229,168,1,64,2,10,0,255,116,94,1,80,2,10,0,255,121,39,1
75986,20,3,0,255,0,0,0,0,1,9,64,140,108,109,1,16,2,6,128,4,120,152,0,32,0,0,10,0,185,120,0,48,0,6,0,2,229,168,1,64,2,10,0,255,116,94,1,80,2,10,0,255,122,39,1
75987,20,3,0,255,0,0,0,0,1,9,64,140,108,109,1,16,2,6,128,4,120,152,0,32,0,0,10,0,185,120,0,48,0,6,0,2,229,168,1,64,2,10,0,255,116,88,1,80,2,10,0,255,122,39,1
75988,20,3,0,255,0,0,0,0,1,9,64,140,108,109,1,16,2,6,128,4,120,152,0,32,0,0,10,0,185,120,0,48,0,6,0,2,229,168,1,64,2,10,0,255,116,88,1,80,2,10,0,255,124,40,1
75989,20,3,0,255,0,0,0,0,1,9,64,140,108,109,1,16,2,6,128,4,120,152,0,32,0,0,10,0,185,120,0,48,0,6,0,2,229,168,1,64,2,10,0,255,116,88,1,80,2,10,0,255,124,40,1
75990,20,3,0,255,0,0,0,0,1,9,64,140,108,109,1,16,2,6,128,4,120,152,0,32,0,0,10,0,185,120,0,48,0,6,0,2,229,168,1,64,2,10,0,255,116,83,1,80,2,10,0,255,124,40,1
75991,20,3,0,255,0,0,0,0,1,9,64,140,108,109,1,16,2,6,128,4,120,152,0,32,0,0,10,0,185,120,0,48,0,6,0,2,229,168,1,64,2,10,0,255,116,83,1,80,2,10,0,255,125,41,1
75992,20,3,0,255,0,0,0,0,1,9,64,140,108,109,1,16,2,6,128,4,120,152,0,32,0,0,10,0,185,120,0,48,0,6,0,2,229,168,1,64,2,10,0,255,117,78,1,80,2,10,0,255,125,41,1
75993,20,3,0,255,0,0,0,0,1,9,64,140,108,109,1,16,2,6,128,4,120,152,0,32,0,0,10,0,185,120,0,48,0,6,0,2,229,168,1,64,2,10,0,255,117,78,1,80,2,10,0,255,127,43,1
75994,20,3,0,255,0,0,0,0,1,9,64,140,108,109,1,16,2,6,128,4,120,152,0,32,0,0,10,0,185,120,0,48,0,6,0,2,229,168,1,64,2,10,0,255,117,73,1,80,2,10,0,255,127,43,1
75995,20,3,0,255,0,0,0,0,1,9,64,140,108,109,1,16,2,6,128,4,120,152,0,32,0,0,10,0,185,120,0,48,0,6,0,2,229,168,1,64,2,10,0,255,117,73,1,80,2,10,0,255,129,46,1
75996,20,3,0,255,0,0,0,0,1,9,64,140,108,109,1,16,2,6,128,4,120,152,0,32,0,0,10,0,185,120,0,48,0,6,0,2,229,168,1,64,2,10,0,255,118,69,1,80,2,10,0,255,129,46,1
75997,20,3,0,255,0,0,0,0,1,9,64,140,108,109,1,16,2,6,128,4,120,152,0,32,0,0,10,0,185,120,0,48,0,6,0,2,229,168,1,64,2,10,0,255,118,69,1,80,2,10,0,255,131,48,1
75998,20,3,0,255,0,0,0,0,1,9,64,140,108,109,1,16,2,6,128,4,120,152,0,32,0,0,10,0,185,120,0,48,1,10,0,255,116,101,1,64,2,10,0,255,119,66,1,80,2,10,0,255,131,48,1
75999,20,3,0,255,0,0,0,0,1,9,64,140,108,109,1,16,2,6,128,4,120,152,0,32,0,0,10,0,185,120,0,48,2,10,0,255,116,101,1,64,2,10,0,255,119,66,1,80,2,10,0,255,133,52,1
76000,20,3,0,255,0,0,0,0,1,9,64,140,108,109,1,16,2,6,128,4,120,152,0,32,0,0,10,0,185,120,0,48,2,10,0,255,116,101,1,64,2,10,0,255,119,66,1,80,2,10,0,255,133,52,1
76001,20,3,0,255,0,0,0,0,1,9,64,140,108,109,1,16,2,6,128,4,120,152,0,32,0,0,10,0,185,120,0,48,2,10,0,255,116,101,1,64,2,10,0,255,120,63,1,80,2,10,0,255,133,52,1
76006,20,3,0,255,0,0,0,0,1,9,64,136,108,109,1,16,2,6,128,4,120,152,0,32,0,0,10,0,185,120,0,48,2,10,0,255,116,88,1,64,2,10,0,255,122,58,1,80,2,10,0,255,137,60,1
76007,20,3,0,255,0,0,0,0,1,9,64,136,108,109,1,16,2,6,128,4,120,152,0,32,0,0,10,0,185,120,0,48,2,10,0,255,116,83,1,64,2,10,0,255,122,58,1,80,2,10,0,255,139,65,1
76008,20,3,0,255,0,0,0,0,1,9,64,136,108,109,1,16,2,6,128,4,120,152,0,32,0,0,10,0,185,120,0,48,2,10,0,255,116,83,1,64,2,10,0,255,122,58,1,80,2,10,0,255,139,65,1
76009,20,3,0,255,0,0,0,0,1,9,64,136,108,109,1,16,2,6,128,4,120,152,0,32,0,0,10,0,185,120,0,48,2,10,0,255,116,83,1,64,2,10,0,255,124,57,1,80,2,10,0,255,139,65,1
76010,20,3,0,255,0,0,0,0,1,9,64,136,108,109,1,16,2,6,128,4,120,152,0,32,0,0,10,0,185,120,0,48,2,10,0,255,117,78,1,64,2,10,0,255,124,57,1,80,2,10,0,255,142,70,1
76011,20,3,0,255,0,0,0,0,1,9,64,136,108,109,1,16,2,6,128,4,120,152,0,32,0,0,10,0,185,120,0,48,2,10,0,255,117,78,1,64,2,10,0,255,125,56,1,80,2,10,0,255,142,70,1
76012,20,3,0,255,0,0,0,0,1,9,64,136,108,109,1,16,2,6,128,4,120,152,0,32,0,0,10,0,185,120,0,48,2,10,0,255,117,73,1,64,2,10,0,255,125,56,1,80,2,10,0,255,144,76,1
76013,20,3,0,255,0,0,0,0,1,9,64,136,108,109,1,16,2,6,128,4,120,152,0,32,0,0,10,0,185,120,0,48,2,10,0,255,117,73,1,64,2,10,0,255,125,56,1,80,2,10,0,255,144,76,1
76014,20,3,0,255,0,0,0,0,1,9,64,136,108,109,1,16,2,6,128,4,120,152,0,32,0,0,10,0,185,120,0,48,2,10,0,255,117,73,1,64,2,10,0,255,127,55,1,80,2,10,0,255,144,76,1
76015,20,3,0,255,0,0,0,0,1,9,64,136,108,109,1,16,2,6,128,4,120,152,0,32,0,0,10,0,185,120,0,48,2,10,0,255,118,69,1,64,2,10,0,255,127,55,1,80,2,10,0,255,147,82,1
76016,20,3,0,255,0,0,0,0,1,9,64,136,108,109,1,16,2,6,128,4,120,152,0,32,0,0,10,0,185,120,0,48,2,10,0,255,118,69,1,64,2,10,0,255,127,55,1,80,2,10,0,255,147,82,1
76017,20,3,0,255,0,0,0,0,1,9,64,136,108,109,1,16,2,6,128,4,120,152,0,32,0,0,10,0,185,120,0,48,2,10,0,255,118,69,1,64,2,10,0,255,129,55,1,80,2,10,0,255,147,82,1
76018,20,3,0,255,0,0,0,0,1,9,64,136,108,109,1,16,2,6,128,4,120,152,0,32,0,0,10,0,185,120,0,48,2,10,0,255,119,66,1,64,2,10,0,255,129,55,1,80,2,10,0,255,150,89,1
76019,20,3,0,255,0,0,0,0,1,9,64,136,108,109,1,16,2,6,128,4,120,152,0,32,0,0,10,0,185,120,0,48,2,10,0,255,119,66,1,64,2,10,0,255,129,55,1,80,2,10,0,255,150,89,1
76020,20,3,0,255,0,0,0,0,1,9,64,136,108,109,1,16,2,6,128,4,120,152,0,32,0,0,10,0,185,120,0,48,2,10,0,255,119,66,1,64,2,10,0,255,131,55,1,80,2,10,0,255,150,89,1
76021,20,3,0,255,0,0,0,0,1,9,64,136,108,109,1,16,2,6,128,4,120,152,0,32,0,0,10,0,185,120,0,48,2,10,0,255,120,63,1,64,2,10,0,255,131,55,1,80,2,10,0,255,153,96,1
76022,20,3,0,255,0,0,0,0,1,9,64,136,108,109,1,16,2,6,128,4,120,152,0,32,0,0,10,0,185,120,0,48,2,10,0,255,120,63,1,64,2,10,0,255,131,55,1,80,2,10,0,255,153,96,1
76023,20,3,0,255,0,0,0,0,2,9,64,136,108,109,1,16,2,6,128,4,120,152,0,32,0,0,10,0,185,120,0,48,2,10,0,255,120,63,1,64,2,10,0,255,133,56,1,80,2,10,0,255,153,96,1
76029,20,3,0,255,0,0,0,0,2,9,64,132,108,109,1,16,2,6,128,4,120,152,0,32,0,0,10,0,185,120,0,48,2,10,0,255,122,58,1,64,2,10,0,255,137,60,1,80,2,10,0,255,159,112,1
76030,20,3,0,255,0,0,0,0,2,9,64,132,108,109,1,16,2,6,128,4,120,152,0,32,0,0,10,0,185,120,0,48,2,10,0,255,124,57,1,64,2,10,0,255,137,60,1,80,2,10,0,255,163,121,1
76031,20,3,0,255,0,0,0,0,2,9,64,132,108,109,1,16,2,6,128,4,120,152,0,32,0,0,10,0,185,120,0,48,2,10,0,255,124,57,1,64,2,10,0,255,137,60,1,80,2,10,0,255,163,121,1
76032,20,3,0,255,0,0,0,0,2,9,64,132,108,104,1,16,2,6,128,4,120,152,0,32,1,10,0,255,116,101,1,48,2,10,0,255,124,57,1,64,2,10,0,255,139,62,1,80,2,10,0,255,163,121,1
76033,20,3,0,255,0,0,0,0,2,9,64,132,108,104,1,16,2,6,128,4,120,152,0,32,1,10,0,255,116,101,1,48,2,10,0,255,125,55,1,64,2,10,0,255,139,62,1,80,2,10,0,255,166,130,1
76034,20,3,0,255,0,0,0,0,2,9,64,132,108,104,1,16,2,6,128,4,120,152,0,32,1,10,0,255,116,101,1,48,2,10,0,255,125,55,1,64,2,10,0,255,139,62,1,80,2,10,0,255,166,130,1
76035,20,3,0,255,0,0,0,0,2,9,64,132,108,99,1,16,2,6,128,4,120,152,0,32,2,10,0,255,116,101,1,48,2,10,0,255,125,55,1,64,2,10,0,255,142,65,1,80,2,10,0,255,166,130,1
76036,20,3,0,255,0,0,0,0,2,9,64,132,108,99,1,16,2,6,128,4,120,152,0,32,2,10,0,255,116,101,1,48,2,10,0,255,127,55,1,64,2,10,0,255,142,65,1,80,2,10,0,255,170,137,1
76037,20,3,0,255,0,0,0,0,2,9,64,132,108,99,1,16,2,6,128,4,120,152,0,32,2,10,0,255,116,101,1,48,2,10,0,255,127,55,1,64,2,10,0,255,142,65,1,80,2,10,0,255,170,137,1
76038,20,3,0,255,0,0,0,0,2,9,64,132,108,94,1,16,2,6,128,4,120,152,0,32,2,10,0,255,116,95,1,48,2,10,0,255,127,55,1,64,2,10,0,255,144,68,1,80,2,10,0,255,170,137,1
76039,20,3,0,255,0,0,0,0,2,9,64,132,108,94,1,16,2,6,128,4,120,152,0,32,2,10,0,255,116,95,1,48,2,10,0,255,127,55,1,64,2,10,0,255,144,68,1,80,2,10,0,255,170,137,1
76043,20,3,0,255,0,0,0,0,2,9,64,128,108,94,1,16,2,6,128,4,120,152,0,32,2,10,0,255,116,83,1,48,2,10,0,255,131,55,1,64,2,10,0,255,150,77,1,80,2,10,0,255,170,137,1
76044,20,3,0,255,0,0,0,0,2,9,64,128,108,94,1,16,2,6,128,4,120,152,0,32,2,10,0,255,116,83,1,48,2,10,0,255,133,56,1,64,2,10,0,255,150,77,1,80,2,10,0,255,170,131,1
76045,20,3,0,255,0,0,0,0,2,9,64,128,108,94,1,16,2,6,128,4,120,152,0,32,2,10,0,255,116,83,1,48,2,10,0,255,133,56,1,64,2,10,0,255,150,77,1,80,2,10,0,255,170,131,1
76046,20,3,0,255,0,0,0,0,2,9,64,128,108,90,1,16,2,6,128,4,120,152,0,32,2,10,0,255,117,78,1,48,2,10,0,255,133,56,1,64,2,10,0,255,153,82,1,80,2,10,0,255,170,131,1
76047,20,3,0,255,0,0,0,0,2,9,64,128,108,90,1,16,2,6,128,4,120,152,0,32,2,10,0,255,117,78,1,48,2,10,0,255,133,56,1,64,2,10,0,255,153,82,1,80,2,10,0,255,170,131,1
76048,20,3,0,255,0,0,0,0,2,9,64,128,108,90,1,16,2,6,128,4,120,152,0,32,2,10,0,255,117,78,1,48,2,10,0,255,135,58,1,64,2,10,0,255,153,82,1,80,0,10,0,255,170,125,1
76049,20,3,0,255,0,0,0,0,2,9,64,128,108,87,1,16,2,6,128,4,120,152,0,32,2,10,0,255,117,74,1,48,2,10,0,255,135,58,1,64,2,10,0,255,156,87,1,80,0,10,0,255,170,125,1
76053,20,3,0,255,0,0,0,0,2,9,64,124,108,87,1,16,2,6,128,4,120,152,0,32,2,10,0,255,119,66,1,48,2,10,0,255,139,62,1,64,0,10,0,255,163,99,1,80,0,10,0,255,170,125,1
76057,20,3,0,255,0,0,0,0,2,9,64,123,108,87,1,16,2,6,128,4,120,152,0,32,2,10,0,255,121,60,1,48,2,10,0,255,144,68,1,64,0,10,0,255,163,99,1,80,0,10,0,255,170,125,1
76061,20,3,0,255,0,0,0,0,2,9,64,119,108,87,1,16,2,6,128,4,120,152,0,32,2,10,0,255,124,57,1,48,0,10,0,255,150,77,1,64,0,10,0,255,163,99,1,80,0,10,0,255,170,125,1
76065,20,3,0,255,0,0,0,0,2,9,64,118,108,87,1,16,2,6,128,4,120,152,0,32,2,10,0,255,127,55,1,48,0,10,0,255,150,77,1,64,0,10,0,255,163,99,1,80,0,10,0,255,170,125,1
76069,20,3,0,255,0,0,0,0,2,9,64,114,108,87,1,16,2,6,128,4,120,152,0,32,2,10,0,255,131,56,1,48,0,10,0,255,150,77,1,64,0,10,0,255,163,99,1,80,0,10,0,255,170,125,1
76073,20,3,0,255,0,0,0,0,2,9,64,113,108,87,1,16,2,6,128,4,120,152,0,32,2,10,0,255,135,58,1,48,0,10,0,255,150,77,1,64,0,10,0,255,163,99,1,80,0,10,0,255,170,125,1
76077,20,3,0,255,0,0,0,0,2,9,64,109,108,87,1,16,2,6,128,4,120,152,0,32,0,10,0,255,137,60,1,48,0,10,0,255,150,77,1,64,0,10,0,255,163,99,1,80,0,10,0,255,170,125,1
76081,20,3,0,255,0,0,0,0,2,9,64,108,108,87,1,16,2,6,128,4,120,152,0,32,0,10,0,255,137,60,1,48,0,10,0,255,150,77,1,64,0,10,0,255,163,99,1,80,0,10,0,255,170,125,1
76085,20,3,0,255,0,0,0,0,2,9,64,104,108,87,1,16,2,6,128,4,120,152,0,32,0,10,0,255,137,60,1,48,0,10,0,255,150,77,1,64,0,10,0,255,163,99,1,80,0,10,0,255,170,125,1
76089,20,3,0,255,0,0,0,0,2,9,64,103,108,87,1,16,2,6,128,4,120,152,0,32,0,10,0,255,137,60,1,48,0,10,0,255,150,77,1,64,0,10,0,255,163,99,1,80,0,10,0,255,170,125,1
76093,20,3,0,255,0,0,0,0,2,9,64,99,108,87,1,16,2,6,128,4,120,152,0,32,0,10,0,255,137,60,1,48,0,10,0,255,150,77,1,64,0,10,0,255,163,99,1,80,0,10,0,255,170,125,1
76097,20,3,0,255,0,0,0,0,2,9,64,98,108,87,1,16,2,6,128,4,120,152,0,32,0,10,0,255,137,60,1,48,0,10,0,255,150,77,1,64,0,10,0,255,163,99,1,80,0,10,0,255,170,125,1
76101,20,3,0,255,0,0,0,0,2,9,64,94,108,87,1,16,2,6,128,4,120,152,0,32,0,10,0,255,137,60,1,48,0,10,0,255,150,77,1,64,0,10,0,255,163,99,1,80,0,10,0,255,170,125,1
76105,20,3,0,255,0,0,0,0,2,9,64,93,108,87,1,16,2,6,128,4,120,152,0,32,0,10,0,255,137,60,1,48,0,10,0,255,150,77,1,64,0,10,0,255,163,99,1,80,0,10,0,255,170,125,1
76109,20,3,0,255,0,0,0,0,2,9,64,89,108,87,1,16,2,6,128,4,120,152,0,32,0,10,0,255,137,60,1,48,0,10,0,255,150,77,1,64,0,10,0,255,163,99,1,80,0,10,0,255,170,125,1
76113,20,3,0,255,0,0,0,0,2,9,64,88,108,87,1,16,2,6,128,4,120,152,0,32,0,10,0,255,137,60,1,48,0,10,0,255,150,77,1,64,0,10,0,255,163,99,1,80,0,10,0,255,170,125,1
76117,20,3,0,255,0,0,0,0,2,9,64,84,108,87,1,16,2,6,128,4,120,152,0,32,0,10,0,255,137,60,1,48,0,10,0,255,150,77,1,64,0,10,0,255,163,99,1,80,0,10,0,255,170,125,1
76121,20,3,0,255,0,0,0,0,2,9,64,83,108,87,1,16,2,6,128,4,120,152,0,32,0,10,0,255,137,60,1,48,0,10,0,255,150,77,1,64,0,10,0,255,163,99,1,80,0,10,0,255,170,125,1
76125,20,3,0,255,0,0,0,0,2,9,64,79,108,87,1,16,2,6,128,4,120,152,0,32,0,10,0,255,137,60,1,48,0,10,0,255,150,77,1,64,0,10,0,255,163,99,1,80,0,10,0,255,170,125,1
76129,20,3,0,255,0,0,0,0,2,9,64,78,108,87,1,16,2,6,128,4,120,152,0,32,0,10,0,255,137,60,1,48,0,10,0,255,150,77,1,64,0,10,0,255,163,99,1,80,0,10,0,255,170,125,1
76133,20,3,0,255,0,0,0,0,2,9,64,74,108,87,1,16,2,6,128,4,120,152,0,32,0,10,0,255,137,60,1,48,0,10,0,255,150,77,1,64,0,10,0,255,163,99,1,80,0,10,0,255,170,125,1
76137,20,3,0,255,0,0,0,0,2,9,64,73,108,87,1,16,2,6,128,4,120,152,0,32,0,10,0,255,137,60,1,48,0,10,0,255,150,77,1,64,0,10,0,255,163,99,1,80,0,10,0,255,170,125,1
76141,20,3,0,255,0,0,0,0,2,9,64,69,108,87,1,16,2,6,128,4,120,152,0,32,0,10,0,255,137,60,1,48,0,10,0,255,150,77,1,64,0,10,0,255,163,99,1,80,0,10,0,255,170,125,1
76145,20,3,0,255,0,0,0,0,2,9,64,68,108,87,1,16,2,6,128,4,120,152,0,32,0,10,0,255,137,60,1,48,0,10,0,255,150,77,1,64,0,10,0,255,163,99,1,80,0,10,0,255,170,125,1
76149,20,3,0,255,0,0,0,0,2,9,64,64,108,87,1,16,2,6,128,4,120,152,0,32,0,10,0,255,137,60,1,48,0,10,0,255,150,77,1,64,0,10,0,255,163,99,1,80,0,10,0,255,170,125,1
76153,20,3,0,255,0,0,0,0,2,9,64,63,108,87,1,16,2,6,128,4,120,152,0,32,0,10,0,255,137,60,1,48,0,10,0,255,150,77,1,64,0,10,0,255,163,99,1,80,0,10,0,255,170,125,1
76157,20,3,0,255,0,0,0,0,2,9,64,59,108,87,1,16,2,6,128,4,120,152,0,32,0,10,0,255,137,60,1,48,0,10,0,255,150,77,1,64,0,10,0,255,163,99,1,80,0,10,0,255,170,125,1
76161,20,3,0,255,0,0,0,0,2,9,64,58,108,87,1,16,2,6,128,4,120,152,0,32,0,10,0,255,137,60,1,48,0,10,0,255,150,77,1,64,0,10,0,255,163,99,1,80,0,10,0,255,170,125,1
76165,20,3,0,255,0,0,0,0,2,9,64,54,108,87,1,16,2,6,128,4,120,152,0,32,0,10,0,255,137,60,1,48,0,10,0,255,150,77,1,64,0,10,0,255,163,99,1,80,0,10,0,255,170,125,1
76169,20,3,0,255,0,0,0,0,2,9,64,53,108,87,1,16,2,6,128,4,120,152,0,32,0,10,0,255,137,60,1,48,0,10,0,255,150,77,1,64,0,10,0,255,163,99,1,80,0,10,0,255,170,125,1
76173,20,3,0,255,0,0,0,0,2,9,64,49,108,87,1,16,2,6,128,4,120,152,0,32,0,10,0,255,137,60,1,48,0,10,0,255,150,77,1,64,0,10,0,255,163,99,1,80,0,10,0,255,170,125,1
76177,20,3,0,255,0,0,0,0,2,9,64,48,108,87,1,16,2,6,128,4,120,152,0,32,0,10,0,255,137,60,1,48,0,10,0,255,150,77,1,64,0,10,0,255,163,99,1,80,0,10,0,255,170,125,1
76181,20,3,0,255,0,0,0,0,2,9,64,44,108,87,1,16,2,6,128,4,120,152,0,32,0,10,0,255,137,60,1,48,0,10,0,255,150,77,1,64,0,10,0,255,163,99,1,80,0,10,0,255,170,125,1
76185,20,3,0,255,0,0,0,0,2,9,64,43,108,87,1,16,2,6,128,4,120,152,0,32,0,10,0,255,137,60,1,48,0,10,0,255,150,77,1,64,0,10,0,255,163,99,1,80,0,10,0,255,170,125,1
76189,20,3,0,255,0,0,0,0,2,9,64,39,108,87,1,16,2,6,128,4,120,152,0,32,0,10,0,255,137,60,1,48,0,10,0,255,150,77,1,64,0,10,0,255,163,99,1,80,0,10,0,255,170,125,1
76193,20,3,0,255,0,0,0,0,2,9,64,38,108,87,1,16,2,6,128,4,120,152,0,32,0,10,0,255,137,60,1,48,0,10,0,255,150,77,1,64,0,10,0,255,163,99,1,80,0,10,0,255,170,125,1
76197,20,3,0,255,0,0,0,0,2,9,64,34,108,87,1,16,2,6,128,4,120,152,0,32,0,10,0,255,137,60,1,48,0,10,0,255,150,77,1,64,0,10,0,255,163,99,1,80,0,10,0,255,170,125,1
76201,20,3,0,255,0,0,0,0,2,9,64,33,108,87,1,16,2,6,128,4,120,152,0,32,0,10,0,255,137,60,1,48,0,10,0,255,150,77,1,64,0,10,0,255,163,99,1,80,0,10,0,255,170,125,1
76205,20,3,0,255,0,0,0,0,2,9,64,29,108,87,1,16,2,6,128,4,120,152,0,32,0,10,0,255,137,60,1,48,0,10,0,255,150,77,1,64,0,10,0,255,163,99,1,80,0,10,0,255,170,125,1
76209,20,3,0,255,0,0,0,0,2,9,64,28,108,87,1,16,2,6,128,4,120,152,0,32,0,10,0,255,137,60,1,48,0,10,0,255,150,77,1,64,0,10,0,255,163,99,1,80,0,10,0,255,170,125,1
76213,20,3,0,255,0,0,0,0,2,9,64,24,108,87,1,16,2,6,128,4,120,152,0,32,0,10,0,255,137,60,1,48,0,10,0,255,150,77,1,64,0,10,0,255,163,99,1,80,0,10,0,255,170,125,1
76217,20,3,0,255,0,0,0,0,2,9,64,23,108,87,1,16,2,6,128,4,120,152,0,32,0,10,0,255,137,60,1,48,0,10,0,255,150,77,1,64,0,10,0,255,163,99,1,80,0,10,0,255,170,125,1
76218,20,3,0,255,0,0,0,0,2,9,64,23,108,87,1,16,2,6,128,4,120,152,0,32,0,10,0,255,137,60,1,48,0,10,0,255,150,77,1,64,0,10,0,255,163,99,1,80,0,10,0,255,170,125,1
76222,20,3,0,255,0,0,0,0,2,9,64,19,108,87,1,16,2,6,128,4,120,152,0,32,0,10,0,255,137,60,1,48,0,10,0,255,150,77,1,64,0,10,0,255,163,99,1,80,0,10,0,255,170,125,1
76223,20,3,0,255,0,0,0,0,2,9,64,19,108,84,1,16,2,6,128,4,120,152,0,32,0,10,0,255,137,60,1,48,0,10,0,255,150,77,1,64,0,10,0,255,163,99,1,80,0,10,0,255,170,125,1
76224,20,3,0,255,0,0,0,0,2,9,64,19,108,84,1,16,2,6,128,4,120,152,0,32,0,10,0,255,137,60,1,48,0,10,0,255,150,77,1,64,0,10,0,255,163,99,1,80,0,10,0,255,170,125,1
76225,20,3,0,255,0,0,0,0,2,9,64,19,108,81,1,16,2,6,128,4,120,152,0,32,0,10,0,255,137,60,1,48,0,10,0,255,150,77,1,64,0,10,0,255,163,99,1,80,0,10,0,255,170,125,1
76229,20,3,0,255,0,0,0,0,2,9,64,18,108,81,1,16,2,6,128,4,120,152,0,32,0,10,0,255,137,60,1,48,0,10,0,255,150,77,1,64,0,10,0,255,163,99,1,80,0,10,0,255,170,125,1
76230,20,3,0,255,0,0,0,0,2,9,64,18,108,81,1,16,2,6,128,4,120,152,0,32,0,10,0,255,137,60,1,48,0,10,0,255,150,77,1,64,0,10,0,255,163,99,1,80,0,10,0,255,170,125,1
76231,20,3,0,255,0,0,0,0,2,9,64,18,108,79,1,16,2,6,128,4,120,152,0,32,0,10,0,255,137,60,1,48,0,10,0,255,150,77,1,64,0,10,0,255,163,99,1,80,0,10,0,255,170,125,1
76235,20,3,0,255,0,0,0,0,2,9,64,14,108,79,1,16,2,6,128,4,120,152,0,32,0,10,0,255,137,60,1,48,0,10,0,255,150,77,1,64,0,10,0,255,163,99,1,80,0,10,0,255,170,125,1
76236,20,3,0,255,0,0,0,0,2,9,64,14,108,79,1,16,2,6,128,4,120,152,0,32,0,10,0,255,137,60,1,48,0,10,0,255,150,77,1,64,0,10,0,255,163,99,1,80,0,10,0,255,170,125,1
76240,20,3,0,255,0,0,0,0,2,9,64,13,108,79,1,16,2,6,128,4,120,152,0,32,0,10,0,255,137,60,1,48,0,10,0,255,150,77,1,64,0,10,0,255,163,99,1,80,0,10,0,255,170,125,1
76241,20,3,0,255,0,0,0,0,2,9,64,13,108,78,1,16,2,6,128,4,120,152,0,32,0,10,0,255,137,60,1,48,0,10,0,255,150,77,1,64,0,10,0,255,163,99,1,80,1,10,0,255,116,71,1
76242,20,3,0,255,0,0,0,0,2,9,64,13,108,78,1,16,2,6,128,4,120,152,0,32,0,10,0,255,137,60,1,48,0,10,0,255,150,77,1,64,0,10,0,255,163,99,1,80,0,10,0,255,116,71,1
76243,20,3,0,255,0,0,0,0,2,9,64,13,108,77,1,16,2,6,128,4,120,152,0,32,0,10,0,255,137,60,1,48,0,10,0,255,150,77,1,64,0,10,0,255,163,99,1,80,0,10,0,255,116,71,1
76244,20,3,0,255,0,0,0,0,2,9,64,13,108,77,1,16,2,6,128,4,120,152,0,32,0,10,0,255,137,60,1,48,0,10,0,255,150,77,1,64,0,10,0,255,163,99,1,80,0,10,0,255,116,71,1
76245,20,3,0,255,0,0,0,0,2,9,64,13,108,76,1,16,2,6,128,4,120,152,0,32,0,10,0,255,137,60,1,48,0,10,0,255,150,77,1,64,0,10,0,255,163,99,1,80,0,10,0,255,116,71,1
76246,20,3,0,255,0,0,0,0,2,9,64,13,108,76,1,16,2,6,128,4,120,152,0,32,0,10,0,255,137,60,1,48,0,10,0,255,150,77,1,64,0,10,0,255,163,99,1,80,0,10,0,255,116,71,1
76247,20,3,0,255,0,0,0,0,2,9,64,13,108,76,1,16,2,6,128,4,120,152,0,32,0,10,0,255,137,60,1,48,0,10,0,255,150,77,1,64,0,10,0,255,163,99,1,80,0,10,0,255,116,71,1
76251,20,3,0,255,0,0,0,0,2,9,64,12,108,76,1,16,2,6,128,4,120,152,0,32,0,10,0,255,137,60,1,48,0,10,0,255,150,77,1,64,0,10,0,255,163,99,1,80,0,10,0,255,116,71,1
76252,20,3,0,255,0,0,0,0,2,9,64,12,108,76,1,16,2,6,128,4,120,152,0,32,0,10,0,255,137,60,1,48,0,10,0,255,150,77,1,64,0,10,0,255,163,99,1,80,0,10,0,255,116,71,1
76253,20,3,0,255,0,0,0,0,2,9,64,12,108,77,1,16,2,6,128,4,120,152,0,32,0,10,0,255,137,60,1,48,0,10,0,255,150,77,1,64,0,10,0,255,163,99,1,80,0,10,0,255,116,71,1
76254,20,3,0,255,0,0,0,0,2,9,64,12,108,77,1,16,2,6,128,4,120,152,0,32,0,10,0,255,137,60,1,48,0,10,0,255,150,77,1,64,0,10,0,255,163,99,1,80,0,10,0,255,116,71,1
76255,20,3,0,255,0,0,0,0,2,9,64,12,108,78,1,16,2,6,128,4,120,152,0,32,0,10,0,255,137,60,1,48,0,10,0,255,150,77,1,64,0,10,0,255,163,99,1,80,0,10,0,255,116,71,1
76256,20,3,0,255,0,0,0,0,2,9,64,12,108,78,1,16,2,6,128,4,120,152,0,32,0,10,0,255,137,60,1,48,0,10,0,255,150,77,1,64,0,10,0,255,163,99,1,80,0,10,0,255,116,71,1
76257,20,3,0,255,0,0,0,0,2,9,64,12,108,79,1,16,2,6,128,4,120,152,0,32,0,10,0,255,137,60,1,48,0,10,0,255,150,77,1,64,0,10,0,255,163,99,1,80,0,10,0,255,116,71,1
76258,20,3,0,255,0,0,0,0,2,9,64,12,108,79,1,16,2,6,128,4,120,152,0,32,0,10,0,255,137,60,1,48,0,10,0,255,150,77,1,64,0,10,0,255,163,99,1,80,0,10,0,255,116,71,1
76259,20,3,0,255,0,0,0,0,2,9,64,12,108,81,1,16,2,6,128,4,120,152,0,32,0,10,0,255,137,60,1,48,0,10,0,255,150,77,1,64,0,10,0,255,163,99,1,80,0,10,0,255,116,71,1
76260,20,3,0,255,0,0,0,0,2,9,64,12,108,81,1,16,2,6,128,4,120,152,0,32,0,10,0,255,137,60,1,48,0,10,0,255,150,77,1,64,0,10,0,255,163,99,1,80,0,10,0,255,116,71,1
76261,20,3,0,255,0,0,0,0,2,9,64,12,108,83,1,16,2,6,128,4,120,152,0,32,0,10,0,255,137,60,1,48,0,10,0,255,150,77,1,64,0,10,0,255,163,99,1,80,1,10,0,255,116,73,1
76262,20,3,0,255,0,0,0,0,2,9,64,12,108,83,1,16,2,6,128,4,120,152,0,32,0,10,0,255,137,60,1,48,0,10,0,255,150,77,1,64,0,10,0,255,163,99,1,80,0,10,0,255,116,73,1
76263,20,3,0,255,0,0,0,0,2,9,64,12,108,86,1,16,2,6,128,4,120,152,0,32,0,10,0,255,137,60,1,48,0,10,0,255,150,77,1,64,0,10,0,255,163,99,1,80,0,10,0,255,116,73,1
76264,20,3,0,255,0,0,0,0,2,9,64,12,108,86,1,16,2,6,128,4,120,152,0,32,0,10,0,255,137,60,1,48,0,10,0,255,150,77,1,64,0,10,0,255,163,99,1,80,0,10,0,255,116,73,1
76265,20,3,0,255,0,0,0,0,2,9,64,12,108,90,1,16,2,6,128,4,120,152,0,32,0,10,0,255,137,60,1,48,0,10,0,255,150,77,1,64,0,10,0,255,163,99,1,80,0,10,0,255,116,73,1
76266,20,3,0,255,0,0,0,0,2,9,64,12,108,90,1,16,2,6,128,4,120,152,0,32,0,10,0,255,137,60,1,48,0,10,0,255,150,77,1,64,0,10,0,255,163,99,1,80,0,10,0,255,116,73,1
76267,20,3,0,255,0,0,0,0,2,9,64,12,108,94,1,16,2,6,128,4,120,152,0,32,0,10,0,255,137,60,1,48,0,10,0,255,150,77,1,64,0,10,0,255,163,99,1,80,0,10,0,255,116,73,1
76271,20,3,0,255,0,0,0,0,2,9,64,11,108,94,1,16,2,6,128,4,120,152,0,32,0,10,0,255,137,60,1,48,0,10,0,255,150,77,1,64,0,10,0,255,163,99,1,80,0,10,0,255,116,73,1
76272,20,3,0,255,0,0,0,0,2,9,64,11,108,94,1,16,2,6,128,4,120,152,0,32,0,10,0,255,137,60,1,48,0,10,0,255,150,77,1,64,0,10,0,255,163,99,1,80,0,10,0,255,116,73,1
76276,20,3,0,255,0,0,0,0,2,9,64,10,108,94,1,16,2,6,128,4,120,152,0,32,0,10,0,255,137,60,1,48,0,10,0,255,150,77,1,64,0,10,0,255,163,99,1,80,0,10,0,255,116,73,1
76277,20,3,0,255,0,0,0,0,2,9,64,10,108,98,1,16,2,6,128,4,120,152,0,32,0,10,0,255,137,60,1,48,0,10,0,255,150,77,1,64,0,10,0,255,163,99,1,80,0,10,0,255,116,73,1
76278,20,3,0,255,0,0,0,0,2,9,64,10,108,98,1,16,2,6,128,4,120,152,0,32,0,10,0,255,137,60,1,48,0,10,0,255,150,77,1,64,0,10,0,255,163,99,1,80,0,10,0,255,116,73,1
76279,20,3,0,255,0,0,0,0,2,9,64,10,108,103,1,16,2,6,128,4,120,152,0,32,0,10,0,255,137,60,1,48,0,10,0,255,150,77,1,64,0,10,0,255,163,99,1,80,0,10,0,255,116,73,1
76280,20,3,0,255,0,0,0,0,2,9,64,10,108,103,1,16,2,6,128,4,120,152,0,32,0,10,0,255,137,60,1,48,0,10,0,255,150,77,1,64,0,10,0,255,163,99,1,80,0,10,0,255,116,73,1
76281,20,3,0,255,0,0,0,0,2,9,64,10,108,103,1,16,2,6,128,4,120,152,0,32,0,10,0,255,137,60,1,48,0,10,0,255,150,77,1,64,0,10,0,255,163,99,1,80,0,10,0,255,116,73,1
76282,20,3,0,255,0,0,0,0,2,9,64,10,108,108,1,16,2,6,128,4,120,152,0,32,0,10,0,255,137,60,1,48,0,10,0,255,150,77,1,64,0,10,0,255,163,99,1,80,0,10,0,255,116,73,1
76283,20,3,0,255,0,0,0,0,2,9,64,10,108,108,1,16,2,6,128,4,120,152,0,32,0,10,0,255,137,60,1,48,0,10,0,255,150,77,1,64,0,10,0,255,163,99,1,80,0,10,0,255,116,73,1
76284,20,3,0,255,0,0,0,0,2,9,64,10,108,109,1,16,2,6,128,4,120,152,0,32,0,10,0,255,137,60,1,48,0,10,0,255,150,77,1,64,0,10,0,255,163,99,1,80,0,10,0,255,116,73,1
76285,20,3,0,255,0,0,0,0,2,9,64,10,108,109,1,16,2,6,128,4,120,152,0,32,0,10,0,255,137,60,1,48,0,10,0,255,150,77,1,64,0,10,0,255,163,99,1,80,0,10,0,255,116,73,1
76286,20,3,0,255,0,0,0,0,1,9,64,10,108,109,1,16,2,6,128,4,120,152,0,32,0,10,0,255,137,60,1,48,0,10,0,255,150,77,1,64,0,10,0,255,163,99,1,80,1,10,0,255,116,101,1
76287,20,3,0,255,0,0,0,0,1,9,64,10,108,109,1,16,2,6,128,4,120,152,0,32,0,10,0,255,137,60,1,48,0,10,0,255,150,77,1,64,0,10,0,255,163,99,1,80,0,10,0,255,116,101,1
76288,20,3,0,255,0,0,0,0,1,9,64,10,108,109,1,16,2,6,128,4,120,152,0,32,0,10,0,255,137,60,1,48,0,10,0,255,150,77,1,64,0,10,0,255,163,99,1,80,0,10,0,255,116,101,1
76292,20,3,0,255,0,0,0,0,1,9,64,9,108,109,1,16,2,6,128,4,120,152,0,32,0,10,0,255,137,60,1,48,0,10,0,255,150,77,1,64,0,10,0,255,163,99,1,80,0,10,0,255,116,101,1
76293,20,3,0,255,0,0,0,0,1,9,64,9,108,109,1,16,2,6,128,4,120,152,0,32,0,10,0,255,137,60,1,48,0,10,0,255,150,77,1,64,0,10,0,255,163,99,1,80,0,10,0,255,116,101,1
76294,20,3,0,255,0,0,0,0,1,9,64,9,108,109,1,16,2,6,128,4,120,152,0,32,0,10,0,255,137,60,1,48,0,10,0,255,150,77,1,64,0,10,0,255,163,99,1,80,0,10,0,255,116,101,1
76295,20,3,0,255,0,0,0,0,1,9,64,9,108,109,1,16,2,6,128,4,120,152,0,32,0,10,0,255,137,60,1,48,0,10,0,255,150,77,1,64,0,10,0,255,163,99,1,80,0,10,0,255,116,101,1
76296,20,3,0,255,0,0,0,0,1,9,64,9,108,109,1,16,2,6,128,4,120,152,0,32,0,10,0,255,137,60,1,48,0,10,0,255,150,77,1,64,0,10,0,255,163,99,1,80,0,10,0,255,116,101,1
76297,20,3,0,255,0,0,0,0,1,9,64,9,108,109,1,16,2,6,128,4,120,152,0,32,0,10,0,255,137,60,1,48,0,10,0,255,150,77,1,64,0,10,0,255,163,99,1,80,0,10,0,255,116,101,1
76298,20,3,0,255,0,0,0,0,1,9,64,9,108,109,1,16,2,6,128,4,120,152,0,32,0,10,0,255,137,60,1,48,0,10,0,255,150,77,1,64,0,10,0,255,163,99,1,80,0,10,0,255,116,101,1
76302,20,3,0,255,0,0,0,0,1,9,64,8,108,109,1,16,2,6,128,4,120,152,0,32,0,10,0,255,137,60,1,48,0,10,0,255,150,77,1,64,0,10,0,255,163,99,1,80,0,10,0,255,116,101,1
76303,20,3,0,255,0,0,0,0,1,9,64,8,108,109,1,16,2,6,128,4,120,152,0,32,0,10,0,255,137,60,1,48,0,10,0,255,150,77,1,64,0,10,0,255,163,99,1,80,0,10,0,255,116,101,1
76304,20,3,0,255,0,0,0,0,1,9,64,8,108,109,1,16,2,6,128,4,120,152,0,32,0,10,0,255,137,60,1,48,0,10,0,255,150,77,1,64,0,10,0,255,163,99,1,80,0,10,0,255,116,101,1
76305,20,3,0,255,0,0,0,0,1,9,64,8,108,109,1,16,2,6,128,4,120,152,0,32,0,10,0,255,137,60,1,48,0,10,0,255,150,77,1,64,0,10,0,255,163,99,1,80,0,10,0,255,116,101,1
76309,20,3,0,255,0,0,0,0,1,9,64,7,108,109,1,16,2,6,128,4,120,152,0,32,0,10,0,255,137,60,1,48,0,10,0,255,150,77,1,64,0,10,0,255,163,99,1,80,0,10,0,255,116,101,1
76310,20,3,0,255,0,0,0,0,1,9,64,7,108,109,1,16,2,6,128,4,120,152,0,32,0,10,0,255,137,60,1,48,0,10,0,255,150,77,1,64,0,10,0,255,163,99,1,80,0,10,0,255,116,101,1
76311,20,3,0,255,0,0,0,0,1,9,64,7,108,109,1,16,2,6,128,4,120,152,0,32,0,10,0,255,137,60,1,48,0,10,0,255,150,77,1,64,0,10,0,255,163,99,1,80,0,10,0,255,116,101,1
76312,20,3,0,255,0,0,0,0,1,9,64,7,108,109,1,16,2,6,128,4,120,152,0,32,0,10,0,255,137,60,1,48,0,10,0,255,150,77,1,64,0,10,0,255,163,99,1,80,0,10,0,255,116,101,1
76313,20,3,0,255,0,0,0,0,1,9,64,7,108,109,1,16,2,6,128,4,120,152,0,32,0,10,0,255,137,60,1,48,0,10,0,255,150,77,1,64,0,10,0,255,163,99,1,80,0,10,0,255,116,101,1
76314,20,3,0,255,0,0,0,0,1,9,64,7,108,109,1,16,2,6,128,4,120,152,0,32,0,10,0,255,137,60,1,48,0,10,0,255,150,77,1,64,0,10,0,255,163,99,1,80,1,10,0,255,116,101,1
76315,20,3,0,255,0,0,0,0,1,9,64,7,108,109,1,16,2,6,128,4,120,152,0,32,0,10,0,255,137,60,1,48,0,10,0,255,150,77,1,64,0,10,0,255,163,99,1,80,0,10,0,255,116,101,1
76319,20,3,0,255,0,0,0,0,1,9,64,6,108,109,1,16,2,6,128,4,120,152,0,32,0,10,0,255,137,60,1,48,0,10,0,255,150,77,1,64,0,10,0,255,163,99,1,80,0,10,0,255,116,101,1
76320,20,3,0,255,0,0,0,0,1,9,64,6,108,109,1,16,2,6,128,4,120,152,0,32,0,10,0,255,137,60,1,48,0,10,0,255,150,77,1,64,0,10,0,255,163,99,1,80,0,10,0,255,116,101,1
76321,20,3,0,255,0,0,0,0,1,9,64,6,108,109,1,16,2,6,128,4,120,152,0,32,0,10,0,255,137,60,1,48,0,10,0,255,150,77,1,64,0,10,0,255,163,99,1,80,0,10,0,255,116,101,1
76322,20,3,0,255,0,0,0,0,1,9,64,6,108,109,1,16,2,6,128,4,120,152,0,32,0,10,0,255,137,60,1,48,0,10,0,255,150,77,1,64,0,10,0,255,163,99,1,80,0,10,0,255,116,101,1
76326,20,3,0,255,0,0,0,0,1,9,64,5,108,109,1,16,2,6,128,4,120,152,0,32,0,10,0,255,137,60,1,48,0,10,0,255,150,77,1,64,0,10,0,255,163,99,1,80,0,10,0,255,116,101,1
76327,20,3,0,255,0,0,0,0,1,9,64,5,108,109,1,16,2,6,128,4,120,152,0,32,0,10,0,255,137,60,1,48,0,10,0,255,150,77,1,64,0,10,0,255,163,99,1,80,0,10,0,255,116,101,1
76328,20,3,0,255,0,0,0,0,1,9,64,5,108,109,1,16,2,6,128,4,120,152,0,32,0,10,0,255,137,60,1,48,0,10,0,255,150,77,1,64,0,10,0,255,163,99,1,80,0,10,0,255,116,101,1
76329,20,3,0,255,0,0,0,0,1,9,64,5,108,109,1,16,2,6,128,4,120,152,0,32,0,10,0,255,137,60,1,48,0,10,0,255,150,77,1,64,0,10,0,255,163,99,1,80,0,10,0,255,116,101,1
76330,20,3,0,255,0,0,0,0,1,9,64,5,108,109,1,16,2,6,128,4,120,152,0,32,0,10,0,255,137,60,1,48,0,10,0,255,150,77,1,64,0,10,0,255,163,99,1,80,0,10,0,255,116,101,1
76331,20,3,0,255,0,0,0,0,1,9,64,5,108,109,1,16,2,6,128,4,120,152,0,32,0,10,0,255,137,60,1,48,0,10,0,255,150,77,1,64,0,10,0,255,163,99,1,80,0,10,0,255,116,101,1
76332,20,3,0,255,0,0,0,0,1,9,64,5,108,109,1,16,2,6,128,4,120,152,0,32,0,10,0,255,137,60,1,48,0,10,0,255,150,77,1,64,0,10,0,255,163,99,1,80,0,10,0,255,116,101,1
76336,20,3,0,255,0,0,0,0,1,9,64,4,108,109,1,16,2,6,128,4,120,152,0,32,0,10,0,255,137,60,1,48,0,10,0,255,150,77,1,64,0,10,0,255,163,99,1,80,0,10,0,255,116,101,1
76337,20,3,0,255,0,0,0,0,1,9,64,4,108,109,1,16,2,6,128,4,120,152,0,32,0,10,0,255,137,60,1,48,0,10,0,255,150,77,1,64,0,10,0,255,163,99,1,80,0,10,0,255,116,101,1
76338,20,3,0,255,0,0,0,0,2,9,64,4,108,109,1,16,2,6,128,4,120,152,0,32,0,10,0,255,137,60,1,48,0,10,0,255,150,77,1,64,0,10,0,255,163,99,1,80,0,10,0,255,116,101,1
76339,20,3,0,255,0,0,0,0,2,9,64,4,108,109,1,16,2,6,128,4,120,152,0,32,0,10,0,255,137,60,1,48,0,10,0,255,150,77,1,64,0,10,0,255,163,99,1,80,0,10,0,255,116,101,1
76343,20,3,0,255,0,0,0,0,2,9,64,3,108,109,1,16,2,6,128,4,120,152,0,32,0,10,0,255,137,60,1,48,0,10,0,255,150,77,1,64,0,10,0,255,163,99,1,80,0,10,0,255,116,101,1
76347,20,3,130,255,0,0,0,0,2,9,64,2,108,109,1,16,2,6,128,4,120,152,0,32,0,10,0,255,137,60,1,48,0,10,0,255,150,77,1,64,0,10,0,255,163,99,1,80,0,10,0,255,116,101,1
76348,20,3,130,255,0,0,0,0,2,9,64,2,108,104,1,16,2,6,128,4,120,152,0,32,0,10,0,255,137,60,1,48,0,10,0,255,150,77,1,64,0,10,0,255,163,99,1,80,0,10,0,255,116,101,1
76349,20,3,130,255,0,0,0,0,2,9,64,2,108,104,1,16,2,6,128,4,120,152,0,32,0,10,0,255,137,60,1,48,0,10,0,255,150,77,1,64,0,10,0,255,163,99,1,80,0,10,0,255,116,101,1
76350,20,3,130,255,0,0,0,0,2,9,64,2,108,99,1,16,2,6,128,4,120,152,0,32,0,10,0,255,137,60,1,48,0,10,0,255,150,77,1,64,0,10,0,255,163,99,1,80,0,10,0,255,116,101,1
76354,20,3,130,255,0,0,0,0,2,9,64,1,108,99,1,16,2,6,128,4,120,152,0,32,0,10,0,255,137,60,1,48,0,10,0,255,150,77,1,64,0,10,0,255,163,99,1,80,0,10,0,255,116,101,1
76355,20,3,130,255,0,0,0,0,2,9,64,1,108,99,1,16,2,6,128,4,120,152,0,32,0,10,0,255,137,60,1,48,0,10,0,255,150,77,1,64,0,10,0,255,163,99,1,80,0,10,0,255,116,101,1
76356,20,3,130,255,0,0,0,0,2,9,64,1,108,94,1,16,2,6,128,4,120,152,0,32,0,10,0,255,137,60,1,48,0,10,0,255,150,77,1,64,0,10,0,255,163,99,1,80,0,10,0,255,116,101,1
76357,20,3,130,255,0,0,0,0,2,9,64,1,108,94,1,16,2,6,128,4,120,152,0,32,0,10,0,255,137,60,1,48,0,10,0,255,150,77,1,64,0,10,0,255,163,99,1,80,0,10,0,255,116,101,1
76358,20,3,130,255,0,0,0,0,2,9,64,1,108,90,1,16,2,6,128,4,120,152,0,32,0,10,0,255,137,60,1,48,0,10,0,255,150,77,1,64,0,10,0,255,163,99,1,80,0,10,0,255,116,101,1
76359,20,3,130,255,0,0,0,0,2,9,64,1,108,90,1,16,2,6,128,4,120,152,0,32,0,10,0,255,137,60,1,48,0,10,0,255,150,77,1,64,0,10,0,255,163,99,1,80,0,10,0,255,116,101,1
76360,20,3,130,255,0,0,0,0,2,9,64,1,108,87,1,16,2,6,128,4,120,152,0,32,0,10,0,255,137,60,1,48,0,10,0,255,150,77,1,64,0,10,0,255,163,99,1,80,0,10,0,255,116,101,1
76361,20,3,130,255,0,0,0,0,2,9,64,1,108,87,1,16,2,6,128,4,120,152,0,32,0,10,0,255,137,60,1,48,0,10,0,255,150,77,1,64,0,10,0,255,163,99,1,80,0,10,0,255,116,101,1
76362,20,3,130,255,0,0,0,0,2,9,64,1,108,84,1,16,2,6,128,4,120,152,0,32,0,10,0,255,137,60,1,48,0,10,0,255,150,77,1,64,0,10,0,255,163,99,1,80,0,10,0,255,116,101,1
76363,20,3,2,255,0,0,0,0,2,9,64,1,108,84,1,16,2,6,128,4,120,152,0,32,0,10,0,255,137,60,1,48,0,10,0,255,150,77,1,64,0,10,0,255,163,99,1,80,0,10,0,255,116,101,1
76364,20,3,2,16,0,0,0,0,2,9,64,1,108,84,1,16,0,6,128,4,120,152,0,32,0,10,0,255,137,60,1,48,0,10,0,255,150,77,1,64,0,10,0,255,163,99,1,80,0,10,0,255,116,101,1
76365,20,3,2,16,0,0,0,0,2,9,64,1,108,84,1,16,1,0,128,4,188,40,0,32,1,0,128,16,156,40,0,48,0,10,0,255,150,77,1,64,0,10,0,255,163,99,1,80,1,0,128,16,124,40,0
76366,20,3,2,241,0,0,0,0,2,9,64,1,108,81,1,16,1,0,128,16,188,40,0,32,1,0,128,16,156,40,0,48,0,10,0,255,150,77,1,64,0,10,0,255,163,99,1,80,1,1,128,16,124,40,0
76391,20,9,2,255,0,0,2,0,0,9,3,0,108,81,1,16,0,0,128,16,188,40,0,32,0,0,128,16,156,40,0,48,0,10,0,255,150,77,1,64,0,10,0,255,163,99,1,80,0,1,128,16,124,40,0
104837,18,3,2,241,1,0,2,0,1,8,64,96,92,152,0,16,1,9,0,2,102,141,0,32,2,7,0,1,144,184,1,48,1,9,0,2,106,157,0,64,1,10,0,8,84,142,0,80,1,10,0,0,80,150,0
104838,18,3,2,241,1,0,2,0,1,8,64,96,92,152,0,16,1,9,0,2,102,141,0,32,2,7,0,1,144,184,1,48,1,9,0,2,106,157,0,64,1,10,0,8,84,142,0,80,1,10,0,0,80,150,0
104839,18,3,2,243,1,0,2,0,1,8,64,96,92,152,0,16,2,9,0,2,106,141,0,32,2,7,0,1,144,184,1,48,2,9,0,2,110,157,0,64,1,10,0,8,84,142,0,80,1,10,0,0,80,150,0
104840,18,3,2,255,1,0,2,0,1,8,64,96,92,152,0,16,2,9,0,2,106,141,0,32,2,7,0,1,144,180,1,48,2,9,0,2,110,157,0,64,1,10,0,8,84,142,0,80,1,10,0,0,80,150,0
104841,18,3,2,255,1,0,2,0,1,8,64,96,92,152,0,16,2,9,0,2,106,141,0,32,2,7,0,1,144,180,1,48,2,9,0,2,110,157,0,64,1,10,0,8,84,142,0,80,1,10,0,0,80,150,0
104842,18,3,2,255,1,0,2,0,1,8,64,96,92,152,0,16,2,9,0,2,106,141,0,32,2,7,0,1,144,176,1,48,2,9,0,2,110,157,0,64,1,10,0,8,84,142,0,80,1,10,0,0,80,150,0
104843,18,3,2,255,1,0,2,0,1,8,64,96,92,152,0,16,2,9,0,2,106,141,0,32,2,7,0,1,144,176,1,48,2,9,0,2,110,157,0,64,1,10,0,8,84,142,0,80,1,10,0,0,80,150,0
104844,18,3,2,255,1,0,2,0,1,8,64,96,92,152,0,16,2,9,0,2,106,141,0,32,2,7,0,1,144,172,1,48,2,9,0,2,110,157,0,64,1,10,0,8,84,142,0,80,1,10,0,0,80,150,0
104845,18,3,2,255,1,0,2,0,1,8,64,96,92,152,0,16,2,9,0,2,106,141,0,32,2,7,0,1,144,172,1,48,2,9,0,2,110,157,0,64,1,10,0,8,84,142,0,80,1,10,0,0,80,150,0
104846,18,3,2,255,1,0,2,0,1,8,64,96,92,152,0,16,2,9,0,2,106,141,0,32,2,7,0,1,144,168,1,48,2,9,0,2,110,157,0,64,1,10,0,8,84,142,0,80,1,10,0,0,80,150,0
104847,18,3,2,255,1,0,2,0,1,8,64,96,92,152,0,16,2,9,0,2,106,141,0,32,2,7,0,1,144,168,1,48,2,9,0,2,110,157,0,64,1,10,0,8,84,142,0,80,1,10,0,0,80,150,0
104848,18,3,2,255,1,0,2,0,1,8,64,96,92,152,0,16,2,9,0,2,106,141,0,32,2,7,0,1,144,164,1,48,2,9,0,2,110,157,0,64,1,10,0,8,84,142,0,80,1,10,0,0,80,150,0
104849,18,3,2,255,1,0,2,0,1,8,64,96,92,152,0,16,2,9,0,2,106,141,0,32,2,7,0,1,144,164,1,48,2,9,0,2,110,157,0,64,1,10,0,8,84,142,0,80,1,10,0,0,80,150,0
104850,18,3,2,255,1,0,2,0,1,8,64,96,92,152,0,16,2,9,0,2,106,141,0,32,2,7,0,1,144,160,1,48,2,9,0,2,110,157,0,64,1,10,0,8,84,142,0,80,1,10,0,0,80,150,0
104851,18,3,2,255,1,0,2,0,1,8,64,96,92,152,0,16,2,9,0,2,106,141,0,32,2,7,0,1,144,160,1,48,2,9,0,2,110,157,0,64,1,10,0,8,84,142,0,80,1,10,0,0,80,150,0
104852,18,3,2,255,1,0,2,0,1,8,64,96,92,152,0,16,2,9,0,2,106,141,0,32,2,7,0,1,144,156,1,48,2,9,0,2,110,157,0,64,1,10,0,8,84,142,0,80,1,10,0,0,80,150,0
104853,18,3,2,255,1,0,2,0,1,8,64,96,92,152,0,16,2,9,0,2,106,141,0,32,2,7,0,1,144,156,1,48,2,9,0,2,110,157,0,64,1,10,0,8,84,142,0,80,1,10,0,0,80,150,0
104854,18,3,2,255,1,0,2,0,1,8,64,96,92,152,0,16,2,9,0,2,106,141,0,32,2,7,0,1,144,152,1,48,2,9,0,2,110,157,0,64,1,10,0,8,84,142,0,80,1,10,0,0,80,150,0
104855,18,3,2,255,1,0,2,0,1,8,64,96,92,152,0,16,2,9,0,2,106,141,0,32,2,7,0,1,144,152,1,48,2,9,0,2,110,157,0,64,1,10,0,8,84,142,0,80,1,10,0,0,80,150,0
104856,18,3,2,255,1,0,2,0,1,8,64,96,92,152,0,16,2,9,0,2,106,141,0,32,2,7,0,1,144,148,1,48,2,9,0,2,110,157,0,64,1,10,0,8,84,142,0,80,1,10,0,0,80,150,0
104857,18,3,2,255,1,0,2,0,1,8,64,96,92,152,0,16,2,9,0,2,106,141,0,32,2,7,0,1,144,148,1,48,2,9,0,2,110,157,0,64,1,10,0,8,84,142,0,80,1,10,0,0,80,150,0
104858,18,3,2,255,1,0,2,0,1,8,64,96,92,152,0,16,2,9,0,2,106,141,0,32,2,7,0,1,144,144,1,48,2,9,0,2,110,157,0,64,1,10,0,8,84,142,0,80,1,10,0,0,80,150,0
104859,18,3,2,255,1,0,2,0,1,8,64,96,92,152,0,16,2,9,0,2,106,141,0,32,2,7,0,1,144,144,1,48,2,9,0,2,110,157,0,64,1,10,0,8,84,142,0,80,1,10,0,0,80,150,0
104860,18,3,2,255,1,0,2,0,1,8,64,96,92,152,0,16,2,9,0,2,106,141,0,32,2,7,0,1,144,140,1,48,2,9,0,2,110,157,0,64,1,10,0,8,84,142,0,80,1,10,0,0,80,150,0
104861,18,3,2,255,1,0,2,0,1,8,64,96,92,152,0,16,2,9,0,2,106,141,0,32,2,7,0,1,144,140,1,48,2,9,0,2,110,157,0,64,1,10,0,8,84,142,0,80,1,10,0,0,80,150,0
104862,18,3,2,255,1,0,2,0,1,8,64,96,92,152,0,16,2,9,0,2,106,141,0,32,2,7,0,1,144,136,1,48,2,9,0,2,110,157,0,64,1,10,0,8,84,142,0,80,1,10,0,0,80,150,0
104863,18,3,2,255,1,0,2,0,1,8,64,96,92,152,0,16,2,9,0,2,106,141,0,32,2,7,0,1,144,136,1,48,2,9,0,2,110,157,0,64,1,10,0,8,84,142,0,80,1,10,0,0,80,150,0
104864,18,3,2,255,1,0,2,0,1,8,64,96,92,152,0,16,2,9,0,2,106,141,0,32,2,7,0,1,144,132,1,48,2,9,0,2,110,157,0,64,1,10,0,8,84,142,0,80,1,10,0,0,80,150,0
104865,18,3,2,255,1,0,2,0,1,8,64,96,92,152,0,16,2,9,0,2,106,141,0,32,2,7,0,1,144,132,1,48,2,9,0,2,110,157,0,64,1,10,0,8,84,142,0,80,1,10,0,0,80,150,0
104866,18,3,2,255,1,0,2,0,1,8,64,96,92,152,0,16,2,9,0,2,106,141,0,32,2,7,0,1,144,128,1,48,2,9,0,2,110,157,0,64,1,10,0,8,84,142,0,80,1,10,0,0,80,150,0
104867,18,3,2,255,1,0,2,0,1,8,64,96,92,152,0,16,2,9,0,2,106,141,0,32,2,7,0,1,144,128,1,48,2,9,0,2,110,157,0,64,1,10,0,8,84,142,0,80,1,10,0,0,80,150,0
104868,18,3,2,255,1,0,2,0,1,8,64,96,92,152,0,16,2,9,0,2,106,141,0,32,2,7,0,1,144,124,1,48,2,9,0,2,110,157,0,64,1,10,0,8,84,142,0,80,1,10,0,0,80,150,0
104869,18,3,2,255,1,0,2,0,1,8,64,96,92,152,0,16,2,9,0,2,106,141,0,32,2,7,0,1,144,124,1,48,2,9,0,2,110,157,0,64,1,10,0,8,84,142,0,80,1,10,0,0,80,150,0
104870,18,3,2,255,1,0,2,0,1,8,64,96,92,152,0,16,2,9,0,2,106,141,0,32,2,7,0,1,144,120,1,48,2,9,0,2,110,157,0,64,1,10,0,8,84,142,0,80,1,10,0,0,80,150,0
104871,18,3,2,255,1,0,2,0,1,8,64,96,92,152,0,16,2,9,0,2,106,141,0,32,2,7,0,1,144,120,1,48,2,9,0,2,110,157,0,64,1,10,0,8,84,142,0,80,1,10,0,0,80,150,0
104872,18,3,2,255,1,0,2,0,1,8,64,96,92,152,0,16,2,9,0,2,106,141,0,32,2,7,0,1,144,116,1,48,2,9,0,2,110,157,0,64,1,10,0,8,84,142,0,80,1,10,0,0,80,150,0
104873,18,3,2,255,1,0,2,0,1,8,64,96,92,152,0,16,2,9,0,2,106,141,0,32,2,7,0,1,144,116,1,48,2,9,0,2,110,157,0,64,1,10,0,8,84,142,0,80,1,10,0,0,80,150,0
104874,18,3,2,255,1,0,2,0,1,8,64,96,92,152,0,16,2,9,0,2,106,141,0,32,2,7,0,1,144,113,1,48,2,9,0,2,110,157,0,64,1,10,0,8,84,142,0,80,1,10,0,0,80,150,0
104875,18,3,2,255,1,0,2,0,1,8,64,96,92,152,0,16,2,9,0,2,106,141,0,32,2,7,0,1,144,113,1,48,2,9,0,2,110,157,0,64,1,10,0,8,84,142,0,80,1,10,0,0,80,150,0
104876,18,3,2,255,1,0,2,0,1,8,64,96,92,152,0,16,2,9,0,2,106,141,0,32,2,7,0,1,144,111,1,48,2,9,0,2,110,157,0,64,1,10,0,8,84,142,0,80,1,10,0,0,80,150,0
104877,18,3,2,255,1,0,2,0,1,8,64,96,92,152,0,16,2,9,0,2,106,141,0,32,2,7,0,1,144,111,1,48,2,9,0,2,110,157,0,64,1,10,0,8,84,142,0,80,1,10,0,0,80,150,0
104878,18,3,2,255,1,0,2,0,1,8,64,96,92,152,0,16,2,9,0,2,106,141,0,32,2,7,0,1,144,109,1,48,2,9,0,2,110,157,0,64,1,10,0,8,84,142,0,80,1,10,0,0,80,150,0
104879,18,3,2,255,1,0,2,0,1,8,64,96,92,152,0,16,2,9,0,2,106,141,0,32,2,7,0,1,144,109,1,48,2,9,0,2,110,157,0,64,1,10,0,8,84,142,0,80,1,10,0,0,80,150,0
104880,18,3,2,255,1,0,2,0,1,8,64,96,92,152,0,16,2,9,0,2,106,141,0,32,2,7,0,1,144,107,1,48,2,9,0,2,110,157,0,64,1,10,0,8,84,142,0,80,1,10,0,0,80,150,0
104881,18,3,2,255,1,0,2,0,1,8,64,96,92,152,0,16,2,9,0,2,106,141,0,32,2,7,0,1,144,107,1,48,2,9,0,2,110,157,0,64,1,10,0,8,84,142,0,80,1,10,0,0,80,150,0
104882,18,3,2,255,1,0,2,0,1,8,64,96,92,152,0,16,2,9,0,2,106,141,0,32,2,7,0,1,144,106,1,48,2,9,0,2,110,157,0,64,1,10,0,8,84,142,0,80,1,10,0,0,80,150,0
104883,18,3,2,255,1,0,2,0,1,8,64,96,92,152,0,16,2,9,0,2,106,141,0,32,2,7,0,1,144,106,1,48,2,9,0,2,110,157,0,64,1,10,0,8,84,142,0,80,1,10,0,0,80,150,0
104884,18,3,2,255,1,0,2,0,1,8,64,96,92,152,0,16,2,9,0,2,106,141,0,32,2,7,0,1,144,105,1,48,2,9,0,2,110,157,0,64,1,10,0,8,84,142,0,80,1,10,0,0,80,150,0
104885,18,3,2,255,1,0,2,0,1,8,64,96,92,152,0,16,2,9,0,2,106,141,0,32,2,7,0,1,144,105,1,48,2,9,0,2,110,157,0,64,1,10,0,8,84,142,0,80,1,10,0,0,80,150,0
104886,18,3,2,255,1,0,2,0,1,8,64,96,92,152,0,16,2,9,0,2,106,141,0,32,2,7,0,1,144,105,1,48,2,9,0,2,110,157,0,64,1,10,0,8,84,142,0,80,1,10,0,0,80,150,0
104887,18,3,2,255,1,0,2,0,1,8,64,96,92,152,0,16,2,9,0,2,106,141,0,32,2,7,0,1,144,105,1,48,2,9,0,2,110,157,0,64,1,10,0,8,84,142,0,80,1,10,0,0,80,150,0
104888,18,3,2,255,1,0,2,0,1,8,64,96,92,152,0,16,2,9,0,2,106,141,0,32,2,7,0,1,144,106,1,48,2,9,0,2,110,157,0,64,1,10,0,8,84,142,0,80,1,10,0,0,80,150,0
104889,18,3,2,255,1,0,2,0,1,8,64,96,92,152,0,16,2,9,0,2,106,141,0,32,0,255,0,1,144,106,1,48,2,9,0,2,110,157,0,64,1,10,0,8,84,142,0,80,1,10,0,0,80,150,0
104890,18,3,2,255,1,0,2,0,1,8,64,96,92,152,0,16,2,9,0,2,106,141,0,32,1,7,0,1,144,216,1,48,2,9,0,2,110,157,0,64,1,10,0,8,84,142,0,80,1,10,0,0,80,150,0
104891,18,3,2,255,1,0,2,0,1,8,64,96,92,152,0,16,2,9,0,2,106,141,0,32,0,255,0,1,144,216,1,48,2,9,0,2,110,157,0,64,1,10,0,8,84,142,0,80,1,10,0,0,80,150,0
104892,18,3,2,255,1,0,2,0,1,8,64,96,92,152,0,16,2,9,0,2,106,141,0,32,1,7,0,1,144,216,1,48,2,9,0,2,110,157,0,64,1,10,0,8,84,142,0,80,1,10,0,0,80,150,0
104893,18,3,2,255,1,0,2,0,1,8,64,96,92,152,0,16,2,9,0,2,106,141,0,32,0,255,0,1,144,216,1,48,2,9,0,2,110,157,0,64,1,10,0,8,84,142,0,80,1,10,0,0,80,150,0
104894,18,3,2,255,1,0,2,0,1,8,64,96,92,152,0,16,2,9,0,2,106,141,0,32,1,7,0,1,144,216,1,48,2,9,0,2,110,157,0,64,1,10,0,8,84,142,0,80,1,10,0,0,80,150,0
104895,18,3,2,255,1,0,2,0,1,8,64,96,92,152,0,16,2,9,0,2,106,141,0,32,0,255,0,1,144,216,1,48,2,9,0,2,110,157,0,64,1,10,0,8,84,142,0,80,1,10,0,0,80,150,0
104896,18,3,2,255,1,0,2,0,1,8,64,96,92,152,0,16,2,9,0,2,106,141,0,32,1,7,0,1,144,216,1,48,2,9,0,2,110,157,0,64,1,10,0,8,84,142,0,80,1,10,0,0,80,150,0
104897,18,3,2,255,1,0,2,0,1,8,64,96,92,152,0,16,2,9,0,2,106,141,0,32,0,255,0,1,144,216,1,48,2,9,0,2,110,157,0,64,1,10,0,8,84,142,0,80,1,10,0,0,80,150,0
104898,18,3,2,255,1,0,2,0,1,8,64,96,92,152,0,16,2,9,0,2,106,141,0,32,1,7,0,1,144,216,1,48,2,9,0,2,110,157,0,64,1,10,0,8,84,142,0,80,1,10,0,0,80,150,0
104899,18,3,2,255,1,0,2,0,1,8,64,96,92,152,0,16,2,9,0,2,106,141,0,32,0,255,0,1,144,216,1,48,2,9,0,2,110,157,0,64,1,10,0,8,84,142,0,80,1,10,0,0,80,150,0
104900,18,3,2,255,1,0,2,0,1,8,64,96,92,152,0,16,2,9,0,2,106,141,0,32,1,7,0,1,144,216,1,48,2,9,0,2,110,157,0,64,1,10,0,8,84,142,0,80,1,10,0,0,80,150,0
104901,18,3,2,255,1,0,2,0,1,8,64,96,92,152,0,16,2,9,0,2,106,141,0,32,0,255,0,1,144,216,1,48,2,9,0,2,110,157,0,64,1,10,0,8,84,142,0,80,1,10,0,0,80,150,0
104902,18,3,2,255,1,0,2,0,1,8,64,96,92,152,0,16,2,9,0,2,106,141,0,32,1,7,0,1,144,216,1,48,2,9,0,2,110,157,0,64,1,10,0,8,84,142,0,80,1,10,0,0,80,150,0
104903,18,3,2,255,1,0,2,0,1,8,64,96,92,152,0,16,2,9,0,2,106,141,0,32,0,255,0,1,144,216,1,48,2,9,0,2,110,157,0,64,1,10,0,8,84,142,0,80,1,10,0,0,80,150,0
104904,18,3,2,255,1,0,2,0,1,8,64,96,92,152,0,16,2,9,0,2,106,141,0,32,1,7,0,1,144,216,1,48,2,9,0,2,110,157,0,64,1,10,0,8,84,142,0,80,1,10,0,0,80,150,0
104905,18,3,2,255,1,0,2,0,1,8,64,96,92,152,0,16,2,9,0,2,106,141,0,32,0,255,0,1,144,216,1,48,2,9,0,2,110,157,0,64,1,10,0,8,84,142,0,80,1,10,0,0,80,150,0
104906,18,3,2,255,1,0,2,0,1,8,64,96,92,152,0,16,2,9,0,2,106,141,0,32,1,7,0,1,144,216,1,48,2,9,0,2,110,157,0,64,1,10,0,8,84,142,0,80,1,10,0,0,80,150,0
104907,18,3,2,255,1,0,2,0,1,8,64,96,92,152,0,16,2,9,0,2,106,141,0,32,0,255,0,1,144,216,1,48,2,9,0,2,110,157,0,64,1,10,0,8,84,142,0,80,1,10,0,0,80,150,0
104908,18,3,2,255,1,0,2,0,1,8,64,96,92,152,0,16,2,9,0,2,106,141,0,32,1,7,0,1,144,216,1,48,2,9,0,2,110,157,0,64,1,10,0,8,84,142,0,80,1,10,0,0,80,150,0
104909,18,3,2,255,1,0,2,0,1,8,64,96,92,152,0,16,2,9,0,2,106,141,0,32,0,255,0,1,144,216,1,48,2,9,0,2,110,157,0,64,1,10,0,8,84,142,0,80,1,10,0,0,80,150,0
104910,18,3,2,255,1,0,2,0,1,8,64,96,92,152,0,16,2,9,0,2,106,141,0,32,1,7,0,1,144,216,1,48,2,9,0,2,110,157,0,64,1,10,0,8,84,142,0,80,1,10,0,0,80,150,0
104911,18,3,2,255,1,0,2,0,1,8,64,96,92,152,0,16,2,9,0,2,106,141,0,32,0,255,0,1,144,216,1,48,2,9,0,2,110,157,0,64,1,10,0,8,84,142,0,80,1,10,0,0,80,150,0
104912,18,3,2,255,1,0,2,0,1,8,64,96,92,152,0,16,2,9,0,2,106,141,0,32,1,7,0,1,144,216,1,48,2,9,0,2,110,157,0,64,1,10,0,8,84,142,0,80,1,10,0,0,80,150,0
104913,18,3,2,255,1,0,2,0,1,8,64,96,92,152,0,16,2,9,0,2,106,141,0,32,0,255,0,1,144,216,1,48,0,9,0,2,110,157,0,64,1,10,0,8,84,142,0,80,1,10,0,0,80,150,0
104914,18,3,2,255,1,0,2,0,1,8,64,96,92,152,0,16,2,9,0,2,106,141,0,32,1,7,0,1,144,216,1,48,0,9,0,2,110,157,0,64,1,10,0,8,84,142,0,80,1,10,0,0,80,150,0
104915,18,3,2,255,1,0,2,0,1,8,64,96,92,152,0,16,0,9,0,2,106,141,0,32,0,255,0,1,144,216,1,48,0,9,0,2,110,157,0,64,1,10,0,8,84,142,0,80,1,10,0,0,80,150,0
104916,18,3,2,255,1,0,2,0,1,8,64,96,92,152,0,16,0,9,0,2,106,141,0,32,1,7,0,1,144,216,1,48,0,9,0,2,110,157,0,64,1,10,0,8,84,142,0,80,1,10,0,0,80,150,0
104917,18,3,2,255,1,0,2,0,1,8,64,96,92,152,0,16,0,9,0,2,106,141,0,32,0,255,0,1,144,216,1,48,0,9,0,2,110,157,0,64,1,10,0,8,84,142,0,80,1,10,0,0,80,150,0
104918,18,3,2,255,1,0,2,0,1,8,64,96,92,152,0,16,0,9,0,2,106,141,0,32,1,7,0,1,144,216,1,48,0,9,0,2,110,157,0,64,1,10,0,8,84,142,0,80,1,10,0,0,80,150,0
104919,18,3,2,255,1,0,2,0,1,8,64,96,92,152,0,16,0,9,0,2,106,141,0,32,0,255,0,1,144,216,1,48,0,9,0,2,110,157,0,64,1,10,0,8,84,142,0,80,1,10,0,0,80,150,0
104920,18,3,2,255,1,0,2,0,1,8,64,96,92,152,0,16,0,9,0,2,106,141,0,32,1,7,0,1,144,216,1,48,0,9,0,2,110,157,0,64,1,10,0,8,84,142,0,80,1,10,0,0,80,150,0
104921,18,3,2,255,1,0,2,0,1,8,64,96,92,152,0,16,0,9,0,2,106,141,0,32,0,255,0,1,144,216,1,48,0,9,0,2,110,157,0,64,1,10,0,8,84,142,0,80,1,10,0,0,80,150,0
104922,18,3,2,255,1,0,2,0,1,8,64,96,92,152,0,16,0,9,0,2,106,141,0,32,1,7,0,1,144,216,1,48,0,9,0,2,110,157,0,64,1,10,0,8,84,142,0,80,1,10,0,0,80,150,0
104923,18,3,2,255,1,0,2,0,1,8,64,96,92,152,0,16,0,9,0,2,106,141,0,32,0,255,0,1,144,216,1,48,0,9,0,2,110,157,0,64,1,10,0,8,84,142,0,80,1,10,0,0,80,150,0
104924,18,3,2,255,1,0,2,0,1,8,64,96,92,152,0,16,0,9,0,2,106,141,0,32,1,7,0,1,144,216,1,48,0,9,0,2,110,157,0,64,1,10,0,8,84,142,0,80,1,10,0,0,80,150,0
104925,18,3,2,255,1,0,2,0,1,8,64,96,92,152,0,16,0,9,0,2,106,141,0,32,0,255,0,1,144,216,1,48,0,9,0,2,110,157,0,64,1,10,0,8,84,142,0,80,1,10,0,0,80,150,0
104926,18,3,2,255,1,0,2,0,1,8,64,96,92,152,0,16,1,9,0,255,102,141,0,32,0,255,0,0,104,149,0,48,1,9,0,255,106,157,0,64,1,10,0,255,84,142,0,80,1,10,0,255,80,150,0
104927,18,3,2,255,1,0,2,0,1,8,64,96,92,152,0,16,1,9,0,255,102,141,0,32,1,9,0,0,104,149,0,48,1,9,0,255,106,157,0,64,1,10,0,255,84,142,0,80,1,10,0,255,80,150,0
104928,18,3,2,255,1,0,2,0,1,8,64,96,92,152,0,16,1,9,0,255,102,141,0,32,1,9,0,0,104,149,0,48,1,9,0,255,106,157,0,64,1,10,0,255,84,142,0,80,1,10,0,255,80,150,0
104929,18,3,2,255,1,0,2,0,1,8,64,96,92,152,0,16,1,9,0,255,102,141,0,32,1,9,0,0,104,149,0,48,1,9,0,255,106,157,0,64,1,10,0,255,84,142,0,80,1,10,0,255,80,150,0
104930,18,3,2,255,1,0,2,0,1,8,64,96,92,152,0,16,1,9,0,255,102,141,0,32,1,9,0,0,104,149,0,48,1,9,0,255,106,157,0,64,1,10,0,255,84,142,0,80,1,10,0,255,80,150,0
104931,18,3,2,255,1,0,2,0,1,8,64,96,92,152,0,16,1,9,0,255,102,141,0,32,1,9,0,0,104,149,0,48,1,9,0,255,106,157,0,64,1,10,0,255,84,142,0,80,1,10,0,255,80,150,0
104932,18,3,2,255,1,0,2,0,1,8,64,96,92,152,0,16,1,9,0,255,102,141,0,32,1,9,0,0,104,149,0,48,1,9,0,255,106,157,0,64,1,10,0,255,84,142,0,80,1,10,0,255,80,150,0
104933,18,3,2,255,1,0,2,0,1,8,64,96,92,152,0,16,1,9,0,255,102,141,0,32,1,9,0,0,104,149,0,48,1,9,0,255,106,157,0,64,1,10,0,255,84,142,0,80,1,10,0,255,80,150,0
104934,18,3,2,255,1,0,2,0,1,8,64,96,92,152,0,16,1,9,0,255,102,141,0,32,1,9,0,0,104,149,0,48,1,9,0,255,106,157,0,64,1,10,0,255,84,142,0,80,1,10,0,255,80,150,0
104935,18,3,2,255,1,0,2,0,1,8,64,96,92,152,0,16,1,9,0,255,102,141,0,32,1,9,0,0,104,149,0,48,1,9,0,255,106,157,0,64,1,10,0,255,84,142,0,80,1,10,0,255,80,150,0
104936,18,3,2,255,1,0,2,0,1,8,64,96,92,152,0,16,1,9,0,255,102,141,0,32,1,9,0,0,104,149,0,48,1,9,0,255,106,157,0,64,1,10,0,255,84,142,0,80,1,10,0,255,80,150,0
104937,18,3,2,255,1,0,2,0,1,8,64,96,92,152,0,16,1,9,0,255,102,141,0,32,1,9,0,0,104,149,0,48,1,9,0,255,106,157,0,64,1,10,0,255,84,142,0,80,1,10,0,255,80,150,0
104938,18,3,2,255,1,0,2,0,1,8,64,96,92,152,0,16,1,9,0,255,102,141,0,32,1,9,0,0,104,149,0,48,1,9,0,255,106,157,0,64,1,10,0,255,84,142,0,80,1,10,0,255,80,150,0
104939,18,3,2,255,1,0,2,0,1,8,64,96,92,152,0,16,1,9,0,255,102,141,0,32,1,9,0,0,104,149,0,48,1,9,0,255,106,157,0,64,1,10,0,255,84,142,0,80,1,10,0,255,80,150,0
104940,18,3,2,255,1,0,2,0,1,8,64,96,92,152,0,16,1,9,0,255,102,141,0,32,1,9,0,0,104,149,0,48,1,9,0,255,106,157,0,64,1,10,0,255,84,142,0,80,1,10,0,255,80,150,0
104941,18,3,2,255,1,0,2,0,1,8,64,96,92,152,0,16,1,9,0,255,102,141,0,32,1,9,0,0,104,149,0,48,1,9,0,255,106,157,0,64,1,10,0,255,84,142,0,80,1,10,0,255,80,150,0
104942,18,3,2,255,1,0,2,0,1,8,64,96,92,152,0,16,1,9,0,255,102,141,0,32,1,9,0,0,104,149,0,48,1,9,0,255,106,157,0,64,1,10,0,255,84,142,0,80,1,10,0,255,80,150,0
104943,18,3,2,255,1,0,2,0,1,8,64,96,92,152,0,16,1,9,0,255,102,141,0,32,1,9,0,0,104,149,0,48,1,9,0,255,106,157,0,64,1,10,0,255,84,142,0,80,1,10,0,255,80,150,0
104944,18,3,2,255,1,0,2,0,1,8,64,96,92,152,0,16,1,9,0,255,102,141,0,32,1,9,0,0,104,149,0,48,1,9,0,255,106,157,0,64,1,10,0,255,84,142,0,80,1,10,0,255,80,150,0
104945,18,3,2,255,1,0,2,0,1,8,64,96,92,152,0,16,1,9,0,255,102,141,0,32,1,9,0,0,104,149,0,48,1,9,0,255,106,157,0,64,1,10,0,255,84,142,0,80,1,10,0,255,80,150,0
104946,18,3,2,255,1,0,2,0,1,8,64,96,92,152,0,16,1,9,0,255,102,141,0,32,1,9,0,0,104,149,0,48,1,9,0,255,106,157,0,64,1,10,0,255,84,142,0,80,1,10,0,255,80,150,0
104947,18,3,2,255,1,0,2,0,1,8,64,96,92,152,0,16,1,9,0,255,102,141,0,32,1,9,0,0,104,149,0,48,1,9,0,255,106,157,0,64,1,10,0,255,84,142,0,80,1,10,0,255,80,150,0
104948,18,3,2,255,1,0,2,0,1,8,64,96,92,152,0,16,1,9,0,255,102,141,0,32,1,9,0,0,104,149,0,48,1,9,0,255,106,157,0,64,1,10,0,255,84,142,0,80,1,10,0,255,80,150,0
104949,18,3,2,255,1,0,2,0,1,8,64,96,92,152,0,16,1,9,0,255,102,141,0,32,1,9,0,0,104,149,0,48,1,9,0,255,106,157,0,64,1,10,0,255,84,142,0,80,1,10,0,255,80,150,0
104950,18,3,2,255,1,0,2,0,1,8,64,96,92,152,0,16,1,9,0,255,102,141,0,32,1,9,0,0,104,149,0,48,1,9,0,255,106,157,0,64,1,10,0,255,84,142,0,80,1,10,0,255,80,150,0
104951,18,3,2,255,1,0,2,0,1,8,64,96,92,152,0,16,1,9,0,255,102,141,0,32,1,9,0,0,104,149,0,48,1,9,0,255,106,157,0,64,1,10,0,255,84,142,0,80,1,10,0,255,80,150,0
104952,18,3,2,255,1,0,2,0,1,8,64,96,92,152,0,16,1,9,0,255,102,141,0,32,1,9,0,0,104,149,0,48,1,9,0,255,106,157,0,64,1,10,0,255,84,142,0,80,1,10,0,255,80,150,0
104953,18,3,2,255,1,0,2,0,1,8,64,96,92,152,0,16,1,9,0,255,102,141,0,32,1,9,0,0,104,149,0,48,1,9,0,255,106,157,0,64,1,10,0,255,84,142,0,80,1,10,0,255,80,150,0
104954,18,3,2,255,1,0,2,0,1,8,64,96,92,152,0,16,1,9,0,255,102,141,0,32,1,9,0,0,104,149,0,48,1,9,0,255,106,157,0,64,1,10,0,255,84,142,0,80,1,10,0,255,80,150,0
104955,18,3,2,255,1,0,2,0,2,8,64,96,92,152,0,16,1,9,0,255,102,141,0,32,1,9,0,0,104,149,0,48,1,9,0,255,106,157,0,64,1,10,0,255,84,142,0,80,1,10,0,255,80,150,0
104956,18,3,2,255,1,0,2,0,2,8,64,96,92,152,0,16,1,9,0,255,102,141,0,32,1,9,0,0,104,149,0,48,1,9,0,255,106,157,0,64,1,10,0,255,84,142,0,80,1,10,0,255,80,150,0
104957,18,3,2,255,1,0,2,0,2,8,64,96,93,153,0,16,1,9,0,255,102,141,0,32,1,9,0,0,104,149,0,48,1,9,0,255,106,157,0,64,1,10,0,255,84,142,0,80,1,10,0,255,80,150,0
104958,18,3,2,255,1,0,2,0,2,8,64,96,93,153,0,16,1,9,0,255,103,142,0,32,1,9,0,0,105,150,0,48,1,9,0,255,107,158,0,64,1,10,0,255,85,143,0,80,1,10,0,255,81,151,0
104959,18,3,2,255,1,0,2,0,2,8,64,96,94,154,0,16,1,9,0,255,103,142,0,32,1,9,0,0,105,150,0,48,1,9,0,255,107,158,0,64,1,10,0,255,85,143,0,80,1,10,0,255,81,151,0
104960,18,3,2,255,1,0,2,0,2,8,64,96,94,154,0,16,1,9,0,255,104,143,0,32,1,9,0,0,106,151,0,48,1,9,0,255,108,159,0,64,1,10,0,255,86,144,0,80,1,10,0,255,82,152,0
104961,18,3,2,255,1,0,2,0,2,8,64,96,95,155,0,16,1,9,0,255,104,143,0,32,1,9,0,0,106,151,0,48,1,9,0,255,108,159,0,64,1,10,0,255,86,144,0,80,1,10,0,255,82,152,0
104962,18,3,2,255,1,0,2,0,2,8,64,96,95,155,0,16,1,9,0,255,105,144,0,32,1,9,0,0,107,152,0,48,1,9,0,255,109,160,0,64,1,10,0,255,87,145,0,80,1,10,0,255,83,153,0
104963,18,3,2,255,1,0,2,0,2,8,64,96,96,156,0,16,1,9,0,255,105,144,0,32,1,9,0,0,107,152,0,48,1,9,0,255,109,160,0,64,1,10,0,255,87,145,0,80,1,10,0,255,83,153,0
104964,18,3,2,255,1,0,2,0,2,8,64,96,96,156,0,16,1,9,0,255,106,145,0,32,1,9,0,0,108,153,0,48,1,9,0,255,110,161,0,64,1,10,0,255,88,146,0,80,1,10,0,255,84,154,0
104965,18,3,2,255,1,0,2,0,2,8,64,96,97,157,0,16,1,9,0,255,106,145,0,32,1,9,0,0,108,153,0,48,1,9,0,255,110,161,0,64,1,10,0,255,88,146,0,80,1,10,0,255,84,154,0
104966,18,3,5,255,1,0,2,0,2,8,64,96,97,157,0,16,1,9,0,255,107,146,0,32,1,9,0,0,109,154,0,48,1,9,0,255,111,162,0,64,1,10,0,255,89,147,0,80,1,10,0,255,85,155,0
104967,18,3,5,255,1,0,2,0,2,8,64,96,98,158,0,16,1,9,0,255,107,146,0,32,1,9,0,0,109,154,0,48,1,9,0,255,111,162,0,64,1,10,0,255,89,147,0,80,1,10,0,255,85,155,0
104968,18,3,5,255,1,0,2,0,2,8,64,96,98,158,0,16,1,9,0,255,108,147,0,32,1,9,0,0,110,155,0,48,1,9,0,255,112,163,0,64,1,10,0,255,90,148,0,80,1,10,0,255,86,156,0
104969,18,3,5,255,1,0,2,0,2,8,64,96,99,159,0,16,1,9,0,255,108,147,0,32,1,9,0,0,110,155,0,48,1,9,0,255,112,163,0,64,1,10,0,255,90,148,0,80,1,10,0,255,86,156,0
104970,18,3,5,255,1,0,2,0,2,8,64,96,99,159,0,16,1,9,0,255,109,148,0,32,1,9,0,0,111,156,0,48,1,9,0,255,113,164,0,64,1,10,0,255,91,149,0,80,1,10,0,255,87,157,0
104971,18,3,5,255,1,0,2,0,2,8,64,96,100,160,0,16,1,9,0,255,109,148,0,32,1,9,0,0,111,156,0,48,1,9,0,255,113,164,0,64,1,10,0,255,91,149,0,80,1,10,0,255,87,157,0
104972,18,3,5,255,1,0,2,0,2,8,64,96,100,160,0,16,1,9,0,255,110,149,0,32,1,9,0,0,112,157,0,48,1,9,0,255,114,165,0,64,1,10,0,255,92,150,0,80,1,10,0,255,88,158,0
104973,18,3,5,255,1,0,2,0,2,8,64,96,101,160,0,16,1,9,0,255,110,149,0,32,1,9,0,0,112,157,0,48,1,9,0,255,114,165,0,64,1,10,0,255,92,150,0,80,1,10,0,255,88,158,0
104974,18,3,5,255,1,0,2,0,2,8,64,96,101,160,0,16,1,9,0,255,111,149,0,32,1,9,0,0,113,157,0,48,1,9,0,255,115,165,0,64,1,10,0,255,93,150,0,80,1,10,0,255,89,158,0
104975,18,3,5,255,1,0,2,0,2,8,64,96,102,160,0,16,1,9,0,255,111,149,0,32,1,9,0,0,113,157,0,48,1,9,0,255,115,165,0,64,1,10,0,255,93,150,0,80,1,10,0,255,89,158,0
104976,18,3,5,255,1,0,2,0,2,8,64,96,102,160,0,16,1,9,0,255,112,149,0,32,1,9,0,0,114,157,0,48,1,9,0,255,116,165,0,64,1,10,0,255,94,150,0,80,1,10,0,255,90,158,0
104977,18,3,5,255,1,0,2,0,2,8,64,96,103,160,0,16,1,9,0,255,112,149,0,32,1,9,0,0,114,157,0,48,1,9,0,255,116,165,0,64,1,10,0,255,94,150,0,80,1,10,0,255,90,158,0
104978,18,3,5,255,1,0,2,0,2,8,64,96,103,160,0,16,1,9,0,255,113,149,0,32,1,9,0,0,115,157,0,48,1,9,0,255,117,165,0,64,1,10,0,255,95,150,0,80,1,10,0,255,91,158,0
104979,18,3,5,255,1,0,2,0,2,8,64,96,104,160,0,16,1,9,0,255,113,149,0,32,1,9,0,0,115,157,0,48,1,9,0,255,117,165,0,64,1,10,0,255,95,150,0,80,1,10,0,255,91,158,0
104980,18,3,5,255,1,0,2,0,2,8,64,96,104,160,0,16,1,9,0,255,114,149,0,32,1,9,0,0,116,157,0,48,1,9,0,255,118,165,0,64,1,10,0,255,96,150,0,80,1,10,0,255,92,158,0
104981,18,3,5,255,1,0,2,0,2,8,64,96,105,160,0,16,1,9,0,255,114,149,0,32,1,9,0,0,116,157,0,48,1,9,0,255,118,165,0,64,1,10,0,255,96,150,0,80,1,10,0,255,92,158,0
104982,18,3,5,255,1,0,2,0,2,8,64,96,105,160,0,16,1,9,0,255,115,149,0,32,1,9,0,0,117,157,0,48,1,9,0,255,119,165,0,64,1,10,0,255,97,150,0,80,1,10,0,255,93,158,0
104983,18,3,5,255,1,0,2,0,2,8,64,96,106,160,0,16,1,9,0,255,115,149,0,32,1,9,0,0,117,157,0,48,1,9,0,255,119,165,0,64,1,10,0,255,97,150,0,80,1,10,0,255,93,158,0
104984,18,3,5,255,1,0,2,0,2,8,64,96,106,160,0,16,1,9,0,255,116,149,0,32,1,9,0,0,118,157,0,48,1,9,0,255,120,165,0,64,1,10,0,255,98,150,0,80,1,10,0,255,94,158,0
104985,18,3,5,255,1,0,2,0,2,8,64,96,107,160,0,16,1,9,0,255,116,149,0,32,1,9,0,0,118,157,0,48,1,9,0,255,120,165,0,64,1,10,0,255,98,150,0,80,1,10,0,255,94,158,0
104986,18,3,5,255,1,0,2,0,2,8,64,96,107,160,0,16,1,9,0,255,117,149,0,32,1,9,0,0,119,157,0,48,1,9,0,255,121,165,0,64,1,10,0,255,99,150,0,80,1,10,0,255,95,158,0
104987,18,3,5,255,1,0,2,0,2,8,64,96,108,160,0,16,1,9,0,255,117,149,0,32,1,9,0,0,119,157,0,48,1,9,0,255,121,165,0,64,1,10,0,255,99,150,0,80,1,10,0,255,95,158,0
104988,18,3,5,255,1,0,2,0,2,8,64,96,108,160,0,16,1,9,0,255,118,149,0,32,1,9,0,0,120,157,0,48,1,9,0,255,122,165,0,64,1,10,0,255,100,150,0,80,1,10,0,255,96,158,0
104989,18,3,5,255,1,0,2,0,2,8,64,96,109,160,0,16,1,9,0,255,118,149,0,32,1,9,0,0,120,157,0,48,1,9,0,255,122,165,0,64,1,10,0,255,100,150,0,80,1,10,0,255,96,158,0
104990,18,3,5,255,1,0,2,0,2,8,64,96,109,160,0,16,1,9,0,255,119,149,0,32,1,9,0,0,121,157,0,48,1,9,0,255,123,165,0,64,1,10,0,255,101,150,0,80,1,10,0,255,97,158,0
104991,18,3,5,255,1,0,2,0,2,8,64,96,110,160,0,16,1,9,0,255,119,149,0,32,1,9,0,0,121,157,0,48,1,9,0,255,123,165,0,64,1,10,0,255,101,150,0,80,1,10,0,255,97,158,0
104992,18,3,5,255,1,0,2,0,2,8,64,96,110,160,0,16,1,9,0,255,120,149,0,32,1,9,0,0,122,157,0,48,1,9,0,255,124,165,0,64,1,10,0,255,102,150,0,80,1,10,0,255,98,158,0
104993,18,3,5,255,1,0,2,0,2,8,64,96,111,160,0,16,1,9,0,255,120,149,0,32,1,9,0,0,122,157,0,48,1,9,0,255,124,165,0,64,1,10,0,255,102,150,0,80,1,10,0,255,98,158,0
104994,18,3,5,255,1,0,2,0,2,8,64,96,111,160,0,16,1,9,0,255,121,149,0,32,1,9,0,0,123,157,0,48,1,9,0,255,125,165,0,64,1,10,0,255,103,150,0,80,1,10,0,255,99,158,0
104995,18,3,5,255,1,0,2,0,2,8,64,96,112,160,0,16,1,9,0,255,121,149,0,32,1,9,0,0,123,157,0,48,1,9,0,255,125,165,0,64,1,10,0,255,103,150,0,80,1,10,0,255,99,158,0
104996,18,3,5,255,1,0,2,0,2,8,64,96,112,160,0,16,1,9,0,255,122,149,0,32,1,9,0,0,124,157,0,48,1,9,0,255,126,165,0,64,1,10,0,255,104,150,0,80,1,10,0,255,100,158,0
104997,18,3,0,255,0,0,2,0,2,8,64,96,113,160,0,16,1,9,0,255,122,149,0,32,1,9,0,0,124,157,0,48,1,9,0,255,126,165,0,64,1,10,0,255,104,150,0,80,1,10,0,255,100,158,0
104998,18,3,0,255,0,0,2,0,2,8,64,96,113,160,0,16,1,9,0,255,123,149,0,32,1,9,0,0,125,157,0,48,1,9,0,255,127,165,0,64,1,10,0,255,105,150,0,80,1,10,0,255,101,158,0
104999,18,3,0,255,0,0,2,0,2,8,64,96,114,160,0,16,1,9,0,255,123,149,0,32,1,9,0,0,125,157,0,48,1,9,0,255,127,165,0,64,1,10,0,255,105,150,0,80,1,10,0,255,101,158,0
105000,18,3,0,255,0,0,2,0,2,8,64,96,114,160,0,16,1,9,0,255,124,149,0,32,1,9,0,0,126,157,0,48,1,9,0,255,128,165,0,64,1,10,0,255,106,150,0,80,1,10,0,255,102,158,0
105001,18,3,0,255,0,0,2,0,2,8,64,96,115,160,0,16,1,9,0,255,124,149,0,32,1,9,0,0,126,157,0,48,1,9,0,255,128,165,0,64,1,10,0,255,106,150,0,80,1,10,0,255,102,158,0
105002,18,3,0,255,0,0,2,0,2,8,64,96,115,160,0,16,1,9,0,255,125,149,0,32,1,9,0,0,127,157,0,48,1,9,0,255,129,165,0,64,1,10,0,255,107,150,0,80,1,10,0,255,103,158,0
105003,18,3,0,255,0,0,2,0,2,8,64,96,116,160,0,16,1,9,0,255,125,149,0,32,1,9,0,0,127,157,0,48,1,9,0,255,129,165,0,64,1,10,0,255,107,150,0,80,1,10,0,255,103,158,0
105004,18,3,0,255,0,0,2,0,2,8,64,96,116,160,0,16,1,9,0,255,126,149,0,32,1,9,0,0,128,157,0,48,1,9,0,255,130,165,0,64,1,10,0,255,108,150,0,80,1,10,0,255,104,158,0
105005,18,3,0,255,0,0,2,0,2,8,64,96,117,160,0,16,1,9,0,255,126,149,0,32,1,9,0,0,128,157,0,48,1,9,0,255,130,165,0,64,1,10,0,255,108,150,0,80,1,10,0,255,104,158,0
105006,18,3,0,255,0,0,2,0,2,8,64,96,117,160,0,16,1,9,0,255,127,149,0,32,1,9,0,0,129,157,0,48,1,9,0,255,131,165,0,64,1,10,0,255,109,150,0,80,1,10,0,255,105,158,0
105007,18,3,0,255,0,0,2,0,2,8,64,96,118,160,0,16,1,9,0,255,127,149,0,32,1,9,0,0,129,157,0,48,1,9,0,255,131,165,0,64,1,10,0,255,109,150,0,80,1,10,0,255,105,158,0
105008,18,3,0,255,0,0,2,0,2,8,64,96,118,160,0,16,1,9,0,255,128,149,0,32,1,9,0,0,130,157,0,48,1,9,0,255,132,165,0,64,1,10,0,255,110,150,0,80,1,10,0,255,106,158,0
105009,18,3,0,255,0,0,2,0,2,8,64,96,119,160,0,16,1,9,0,255,128,149,0,32,1,9,0,0,130,157,0,48,1,9,0,255,132,165,0,64,1,10,0,255,110,150,0,80,1,10,0,255,106,158,0
105010,18,3,0,255,0,0,2,0,2,8,64,96,119,160,0,16,1,9,0,255,129,149,0,32,1,9,0,0,131,157,0,48,1,9,0,255,133,165,0,64,1,10,0,255,111,150,0,80,1,10,0,255,107,158,0
105011,18,3,0,255,0,0,2,0,2,8,64,96,120,160,0,16,1,9,0,255,129,149,0,32,1,9,0,0,131,157,0,48,1,9,0,255,133,165,0,64,1,10,0,255,111,150,0,80,1,10,0,255,107,158,0
105012,18,3,0,255,0,0,2,0,2,8,64,96,120,160,0,16,1,9,0,255,130,149,0,32,1,9,0,0,132,157,0,48,1,9,0,255,134,165,0,64,1,10,0,255,112,150,0,80,1,10,0,255,108,158,0
105013,18,3,0,255,0,0,2,0,2,8,64,96,121,160,0,16,1,9,0,255,130,149,0,32,1,9,0,0,132,157,0,48,1,9,0,255,134,165,0,64,1,10,0,255,112,150,0,80,1,10,0,255,108,158,0
105014,18,3,0,255,0,0,2,0,2,8,64,96,121,160,0,16,1,9,0,255,131,149,0,32,1,9,0,0,133,157,0,48,1,9,0,255,135,165,0,64,1,10,0,255,113,150,0,80,1,10,0,255,109,158,0
105015,18,3,0,255,0,0,2,0,2,8,64,96,122,160,0,16,1,9,0,255,131,149,0,32,1,9,0,0,133,157,0,48,1,9,0,255,135,165,0,64,1,10,0,255,113,150,0,80,1,10,0,255,109,158,0
105016,18,3,0,255,0,0,2,0,2,8,64,96,122,160,0,16,1,9,0,255,132,149,0,32,1,9,0,0,134,157,0,48,1,9,0,255,136,165,0,64,1,10,0,255,114,150,0,80,1,10,0,255,110,158,0
105017,18,3,0,255,0,0,2,0,2,8,64,96,123,160,0,16,1,9,0,255,132,149,0,32,1,9,0,0,134,157,0,48,1,9,0,255,136,165,0,64,1,10,0,255,114,150,0,80,1,10,0,255,110,158,0
105018,18,3,0,255,0,0,2,0,2,8,64,96,123,160,0,16,1,9,0,255,133,149,0,32,1,9,0,0,135,157,0,48,1,9,0,255,137,165,0,64,1,10,0,255,115,150,0,80,1,10,0,255,111,158,0
105019,18,3,0,255,0,0,2,0,2,8,64,96,124,160,0,16,1,9,0,255,133,149,0,32,1,9,0,0,135,157,0,48,1,9,0,255,137,165,0,64,2,10,0,255,119,143,0,80,1,10,0,255,111,158,0
105020,18,3,0,255,0,0,2,0,2,8,64,96,124,160,0,16,1,9,0,255,134,149,0,32,1,9,0,0,136,157,0,48,1,9,0,255,138,165,0,64,2,10,0,255,119,143,0,80,1,10,0,255,112,158,0
105021,18,3,0,255,0,0,2,0,2,8,64,96,125,160,0,16,1,9,0,255,134,149,0,32,1,9,0,0,136,157,0,48,1,9,0,255,138,165,0,64,2,10,0,255,123,136,0,80,1,10,0,255,112,158,0
105022,18,3,0,255,0,0,2,0,2,8,64,96,125,160,0,16,1,9,0,255,135,149,0,32,1,9,0,0,137,157,0,48,1,9,0,255,139,165,0,64,2,10,0,255,123,136,0,80,1,10,0,255,113,158,0
105023,18,3,0,255,0,0,2,0,2,8,64,96,126,160,0,16,1,9,0,255,135,149,0,32,1,9,0,0,137,157,0,48,1,9,0,255,139,165,0,64,2,10,0,255,127,130,0,80,1,10,0,255,113,158,0
105024,18,3,0,255,0,0,2,0,2,8,64,96,126,160,0,16,1,9,0,255,135,149,0,32,1,9,0,0,137,157,0,48,1,9,0,255,139,165,0,64,2,10,0,255,127,130,0,80,1,10,0,255,113,158,0
105025,18,3,0,255,0,0,2,0,2,8,64,96,126,160,0,16,1,9,0,255,136,149,0,32,1,9,0,0,138,157,0,48,1,9,0,255,140,165,0,64,2,10,0,255,127,130,0,80,1,10,0,255,114,158,0
105026,18,3,0,255,0,0,2,0,2,8,64,96,127,160,0,16,1,9,0,255,136,149,0,32,1,9,0,0,138,157,0,48,1,9,0,255,140,165,0,64,2,10,0,255,131,124,0,80,1,10,0,255,114,158,0
105027,18,3,0,255,0,0,2,0,2,8,64,96,127,160,0,16,1,9,0,255,137,149,0,32,1,9,0,0,139,157,0,48,1,9,0,255,141,165,0,64,2,10,0,255,131,124,0,80,1,10,0,255,115,158,0
105028,18,3,0,255,0,0,2,0,2,8,64,96,128,160,0,16,1,9,0,255,137,149,0,32,1,9,0,0,139,157,0,48,1,9,0,255,141,165,0,64,2,10,0,255,135,118,0,80,1,10,0,255,115,158,0
105029,18,3,0,255,0,0,2,0,2,8,64,96,128,160,0,16,1,9,0,255,138,149,0,32,1,9,0,0,140,157,0,48,1,9,0,255,142,165,0,64,2,10,0,255,135,118,0,80,1,10,0,255,116,158,0
105030,18,3,0,255,0,0,2,0,2,8,64,96,129,160,0,16,1,9,0,255,138,149,0,32,1,9,0,0,140,157,0,48,1,9,0,255,142,165,0,64,2,10,0,255,139,112,0,80,1,10,0,255,116,158,0
105031,18,3,0,255,0,0,2,0,2,8,64,96,129,160,0,16,1,9,0,255,139,149,0,32,1,9,0,0,141,157,0,48,1,9,0,255,143,165,0,64,2,10,0,255,139,112,0,80,1,10,0,255,117,158,0
105032,18,3,0,255,0,0,2,0,2,8,64,96,130,160,0,16,1,9,0,255,139,149,0,32,1,9,0,0,141,157,0,48,1,9,0,255,143,165,0,64,2,10,0,255,143,107,0,80,1,10,0,255,117,158,0
105033,18,3,0,255,0,0,2,0,2,8,64,96,130,160,0,16,1,9,0,255,139,149,0,32,1,9,0,0,141,157,0,48,1,9,0,255,143,165,0,64,2,10,0,255,143,107,0,80,1,10,0,255,117,158,0
105034,18,3,0,255,0,0,2,0,2,8,64,96,130,160,0,16,1,9,0,255,140,149,0,32,1,9,0,0,142,157,0,48,1,9,0,255,144,165,0,64,2,10,0,255,143,107,0,80,1,10,0,255,118,158,0
105035,18,3,0,255,0,0,2,0,2,8,64,96,130,160,0,16,1,9,0,255,140,149,0,32,1,9,0,0,142,157,0,48,1,9,0,255,144,165,0,64,2,10,0,255,143,107,0,80,1,10,0,255,118,158,0
105036,18,3,0,255,0,0,2,0,2,8,64,96,131,160,0,16,1,9,0,255,140,149,0,32,1,9,0,0,142,157,0,48,1,9,0,255,144,165,0,64,2,10,0,255,147,102,0,80,1,10,0,255,118,158,0
105037,18,3,0,255,0,0,2,0,2,8,64,96,131,160,0,16,1,9,0,255,140,149,0,32,1,9,0,0,142,157,0,48,1,9,0,255,144,165,0,64,2,10,0,255,147,102,0,80,1,10,0,255,118,158,0
105038,18,3,0,255,0,0,2,0,2,8,64,96,131,160,0,16,1,9,0,255,141,149,0,32,1,9,0,0,143,157,0,48,1,9,0,255,145,165,0,64,2,10,0,255,147,102,0,80,2,10,0,255,121,151,0
105039,18,3,0,255,0,0,2,0,2,8,64,96,131,160,0,16,1,9,0,255,141,149,0,32,1,9,0,0,143,157,0,48,1,9,0,255,145,165,0,64,2,10,0,255,147,102,0,80,2,10,0,255,121,151,0
105040,18,3,0,255,0,0,2,0,2,8,64,96,132,160,0,16,1,9,0,255,141,149,0,32,1,9,0,0,143,157,0,48,1,9,0,255,145,165,0,64,2,10,0,255,151,97,0,80,2,10,0,255,121,151,0
105041,18,3,0,255,0,0,2,0,2,8,64,96,132,160,0,16,1,9,0,255,141,149,0,32,1,9,0,0,143,157,0,48,1,9,0,255,145,165,0,64,2,10,0,255,151,97,0,80,2,10,0,255,121,151,0
105045,18,3,0,255,0,0,2,0,2,8,64,92,132,160,0,16,1,9,0,255,141,149,0,32,1,9,0,0,143,157,0,48,1,9,0,255,145,165,0,64,2,10,0,255,159,89,0,80,2,10,0,255,127,138,0
105046,18,3,0,255,0,0,2,0,2,8,64,92,132,160,0,16,1,9,0,255,142,149,0,32,1,9,0,0,144,157,0,48,1,9,0,255,146,165,0,64,2,10,0,255,159,89,0,80,2,10,0,255,130,132,0
105047,18,3,0,255,0,0,2,0,2,8,64,92,133,160,0,16,1,9,0,255,142,149,0,32,1,9,0,0,144,157,0,48,1,9,0,255,146,165,0,64,2,10,0,255,163,86,0,80,2,10,0,255,130,132,0
105048,18,3,0,255,0,0,2,0,2,8,64,92,133,160,0,16,1,9,0,255,142,149,0,32,1,9,0,0,144,157,0,48,1,9,0,255,146,165,0,64,2,10,0,255,163,86,0,80,2,10,0,255,130,132,0
105049,18,3,0,255,0,0,2,0,2,8,64,92,133,160,0,16,1,9,0,255,143,149,0,32,1,9,0,0,145,157,0,48,1,9,0,255,147,165,0,64,2,10,0,255,163,86,0,80,2,10,0,255,133,126,0
105050,18,3,0,255,0,0,2,0,2,8,64,92,134,160,0,16,1,9,0,255,143,149,0,32,1,9,0,0,145,157,0,48,1,9,0,255,147,165,0,64,2,10,0,255,167,83,0,80,2,10,0,255,133,126,0
105051,18,3,0,255,0,0,2,0,2,8,64,92,134,160,0,16,1,9,0,255,144,149,0,32,1,9,0,0,146,157,0,48,1,9,0,255,148,165,0,64,2,10,0,255,167,83,0,80,2,10,0,255,136,120,0
105052,18,3,0,255,0,0,2,0,2,8,64,92,134,160,0,16,1,9,0,255,144,149,0,32,1,9,0,0,146,157,0,48,1,9,0,255,148,165,0,64,2,10,0,255,167,83,0,80,2,10,0,255,136,120,0
105053,18,3,0,255,0,0,2,0,2,8,64,92,135,160,0,16,1,9,0,255,144,149,0,32,1,9,0,0,146,157,0,48,1,9,0,255,148,165,0,64,2,10,0,255,171,80,0,80,2,10,0,255,136,120,0
105054,18,3,0,255,0,0,2,0,2,8,64,92,135,160,0,16,1,9,0,255,144,149,0,32,1,9,0,0,146,157,0,48,1,9,0,255,148,165,0,64,2,10,0,255,171,80,0,80,2,10,0,255,136,120,0
105058,18,3,0,255,0,0,2,0,2,8,64,88,135,160,0,16,1,9,0,255,144,149,0,32,1,7,0,1,144,216,1,48,1,9,0,255,148,165,0,64,2,10,0,255,179,76,0,80,2,10,0,255,142,110,0
105064,18,3,0,255,0,0,2,0,2,8,64,87,135,160,0,16,1,9,0,255,144,149,0,32,1,7,0,1,144,216,1,48,1,9,0,255,148,165,0,64,2,10,0,255,187,74,0,80,2,10,0,255,148,100,0
105065,18,3,0,255,0,0,2,0,2,8,64,87,135,160,0,16,1,9,0,255,145,149,0,32,1,7,0,1,144,216,1,48,1,9,0,255,149,165,0,64,2,10,0,255,187,74,0,80,2,10,0,255,151,97,0
105066,18,3,0,255,0,0,2,0,2,8,64,87,135,160,0,16,1,9,0,255,145,149,0,32,0,255,0,1,144,216,1,48,1,9,0,255,149,165,0,64,2,10,0,255,187,74,0,80,2,10,0,255,151,97,0
105070,18,3,0,255,0,0,2,0,2,8,64,83,135,160,0,16,1,9,0,255,145,149,0,32,0,255,0,1,144,216,1,48,1,9,0,255,149,165,0,64,2,10,0,255,195,74,0,80,2,10,0,255,157,91,0
105074,18,3,0,255,0,0,2,0,2,8,64,82,135,160,0,16,1,9,0,255,145,149,0,32,0,255,0,1,144,216,1,48,1,9,0,255,149,165,0,64,2,10,0,255,203,74,0,80,2,10,0,255,163,85,0
105075,18,3,0,255,0,0,2,0,2,8,64,82,136,160,0,16,1,9,0,255,145,149,0,32,1,9,0,0,147,157,0,48,1,9,0,255,149,165,0,64,2,10,0,255,207,75,0,80,2,10,0,255,163,85,0
105079,18,3,0,255,0,0,2,0,2,8,64,78,136,160,0,16,1,9,0,255,145,149,0,32,1,7,0,1,144,216,1,48,1,9,0,255,149,165,0,64,2,10,0,255,215,77,0,80,2,10,0,255,169,83,0
105083,18,3,0,255,0,0,2,0,2,8,64,77,136,160,0,16,1,9,0,255,145,149,0,32,1,7,0,1,144,216,1,48,1,9,0,255,149,165,0,64,2,10,0,255,223,79,0,80,2,10,0,255,175,82,0
105087,18,3,0,255,0,0,2,0,2,8,64,73,136,160,0,16,1,9,0,255,145,149,0,32,1,7,0,1,144,216,1,48,1,9,0,255,149,165,0,64,2,10,0,255,231,85,0,80,2,10,0,255,181,82,0
105091,18,3,0,255,0,0,2,0,2,8,64,72,136,160,0,16,1,9,0,255,145,149,0,32,1,7,0,1,144,216,1,48,1,9,0,255,149,165,0,64,2,10,0,255,239,93,0,80,2,10,0,255,187,83,0
105092,18,3,0,255,0,0,2,0,2,8,64,72,136,160,0,16,1,9,0,255,146,149,0,32,0,255,0,1,144,216,1,48,1,9,0,255,150,165,0,64,2,10,0,255,239,93,0,80,2,10,0,255,190,84,0
105096,18,3,0,255,0,0,2,0,2,8,64,68,136,160,0,16,1,9,0,255,146,149,0,32,0,255,0,1,144,216,1,48,1,9,0,255,150,165,0,64,2,10,0,255,247,103,0,80,2,10,0,255,196,86,0
105100,18,3,0,255,0,0,2,0,2,8,64,67,136,160,0,16,1,9,0,255,146,149,0,32,0,255,0,1,144,216,1,48,1,9,0,255,150,165,0,64,2,10,0,255,255,113,0,80,2,10,0,255,202,90,0
105104,18,3,0,255,0,0,2,0,2,8,64,63,136,160,0,16,1,9,0,255,146,149,0,32,0,255,0,1,144,216,1,48,1,9,0,255,150,165,0,64,2,10,0,255,3,119,1,80,2,10,0,255,208,96,0
105108,18,3,0,255,0,0,2,0,2,8,64,62,136,160,0,16,1,9,0,255,146,149,0,32,0,255,0,1,144,216,1,48,1,9,0,255,150,165,0,64,2,10,0,255,3,119,1,80,2,10,0,255,214,106,0
105112,18,3,0,255,0,0,2,0,2,8,64,58,136,160,0,16,1,9,0,255,146,149,0,32,0,255,0,1,144,216,1,48,1,9,0,255,150,165,0,64,2,10,0,255,3,119,1,80,2,10,0,255,220,116,0
105113,18,3,0,255,0,0,2,0,2,8,64,58,136,160,0,16,1,9,0,255,146,149,0,32,0,255,0,1,144,216,1,48,1,9,0,255,150,165,0,64,2,10,0,255,3,119,1,80,2,10,0,255,220,116,0
105117,18,3,0,255,0,0,2,0,2,8,64,57,136,160,0,16,1,9,0,255,146,149,0,32,0,255,0,1,144,216,1,48,1,9,0,255,150,165,0,64,2,10,0,255,3,119,1,80,2,10,0,255,226,127,0
105118,18,3,0,255,0,0,2,0,2,8,64,57,137,160,0,16,1,9,0,255,146,149,0,32,1,9,0,0,148,157,0,48,1,9,0,255,150,165,0,64,1,10,0,255,128,150,0,80,2,10,0,255,226,127,0
105122,18,3,0,255,0,0,2,0,2,8,64,53,137,160,0,16,1,9,0,255,146,149,0,32,1,7,0,1,144,216,1,48,1,9,0,255,150,165,0,64,1,10,0,255,128,150,0,80,0,10,0,255,229,133,0
105126,18,3,0,255,0,0,2,0,2,8,64,52,137,160,0,16,1,9,0,255,146,149,0,32,1,7,0,1,144,216,1,48,1,9,0,255,150,165,0,64,1,10,0,255,128,150,0,80,0,10,0,255,229,133,0
105127,18,3,0,255,0,0,2,0,2,8,64,52,137,160,0,16,1,9,0,255,147,149,0,32,0,255,0,1,144,216,1,48,1,9,0,255,151,165,0,64,1,10,0,255,129,150,0,80,1,10,0,255,125,158,0
105131,18,3,0,255,0,0,2,0,2,8,64,48,137,160,0,16,1,9,0,255,147,149,0,32,0,255,0,1,144,216,1,48,1,9,0,255,151,165,0,64,1,10,0,255,129,150,0,80,1,10,0,255,125,158,0
105135,18,3,0,255,0,0,2,0,2,8,64,47,137,160,0,16,1,9,0,255,147,149,0,32,0,255,0,1,144,216,1,48,1,9,0,255,151,165,0,64,1,10,0,255,129,150,0,80,1,10,0,255,125,158,0
105139,18,3,0,255,0,0,2,0,2,8,64,43,137,160,0,16,1,9,0,255,147,149,0,32,0,255,0,1,144,216,1,48,1,9,0,255,151,165,0,64,1,10,0,255,129,150,0,80,1,10,0,255,125,158,0
105143,18,3,0,255,0,0,2,0,2,8,64,42,137,160,0,16,1,9,0,255,147,149,0,32,0,255,0,1,144,216,1,48,1,9,0,255,151,165,0,64,1,10,0,255,129,150,0,80,1,10,0,255,125,158,0
105147,18,3,0,255,0,0,2,0,2,8,64,38,137,160,0,16,1,9,0,255,147,149,0,32,0,255,0,1,144,216,1,48,1,9,0,255,151,165,0,64,1,10,0,255,129,150,0,80,1,10,0,255,125,158,0
105151,18,3,0,255,0,0,2,0,2,8,64,37,137,160,0,16,1,9,0,255,147,149,0,32,0,255,0,1,144,216,1,48,1,9,0,255,151,165,0,64,1,10,0,255,129,150,0,80,1,10,0,255,125,158,0
105155,18,3,0,255,0,0,2,0,2,8,64,33,137,160,0,16,1,9,0,255,147,149,0,32,0,255,0,1,144,216,1,48,1,9,0,255,151,165,0,64,1,10,0,255,129,150,0,80,1,10,0,255,125,158,0
105159,18,3,0,255,0,0,2,0,2,8,64,32,137,160,0,16,1,9,0,255,147,149,0,32,0,255,0,1,144,216,1,48,1,9,0,255,151,165,0,64,1,10,0,255,129,150,0,80,1,10,0,255,125,158,0
105163,18,3,0,255,0,0,2,0,2,8,64,28,137,160,0,16,1,9,0,255,147,149,0,32,0,255,0,1,144,216,1,48,1,9,0,255,151,165,0,64,1,10,0,255,129,150,0,80,1,10,0,255,125,158,0
105167,18,3,0,255,0,0,2,0,2,8,64,27,137,160,0,16,1,9,0,255,147,149,0,32,0,255,0,1,144,216,1,48,1,9,0,255,151,165,0,64,1,10,0,255,129,150,0,80,1,10,0,255,125,158,0
105171,18,3,0,255,0,0,2,0,2,8,64,23,137,160,0,16,1,9,0,255,147,149,0,32,0,255,0,1,144,216,1,48,1,9,0,255,151,165,0,64,1,10,0,255,129,150,0,80,1,10,0,255,125,158,0
105172,18,3,0,255,0,0,2,0,2,8,64,23,138,160,0,16,1,9,0,255,147,149,0,32,1,9,0,0,149,157,0,48,1,9,0,255,151,165,0,64,1,10,0,255,129,150,0,80,1,10,0,255,125,158,0
105176,18,3,0,255,0,0,2,0,2,8,64,22,138,160,0,16,1,9,0,255,147,149,0,32,4,9,0,0,149,157,0,48,1,9,0,255,151,165,0,64,1,10,0,255,129,150,0,80,1,10,0,255,125,158,0
105180,18,3,0,255,0,0,2,0,2,8,64,18,138,160,0,16,1,9,0,255,147,149,0,32,4,9,0,0,149,157,0,48,1,9,0,255,151,165,0,64,1,10,0,255,129,150,0,80,1,10,0,255,125,158,0
105184,18,3,0,255,0,0,2,0,2,8,64,17,138,160,0,16,1,9,0,255,147,149,0,32,6,9,7,255,149,157,0,48,1,9,0,255,151,165,0,64,1,10,0,255,129,150,0,80,1,10,0,255,125,158,0
105188,18,3,0,255,0,0,2,0,2,8,64,13,138,160,0,16,1,9,0,255,147,149,0,32,6,9,3,255,149,157,0,48,1,9,0,255,151,165,0,64,2,10,0,255,133,143,0,80,1,10,0,255,125,158,0
105192,18,3,0,255,0,0,2,0,2,8,64,12,138,160,0,16,1,9,0,255,147,149,0,32,1,9,0,255,149,157,0,48,1,9,0,255,151,165,0,64,2,10,0,255,141,130,0,80,1,10,0,255,125,158,0
105196,18,3,0,255,0,0,2,0,2,8,64,8,138,160,0,16,1,9,0,255,147,149,0,32,1,9,0,255,149,157,0,48,1,9,0,255,151,165,0,64,2,10,0,255,149,118,0,80,1,10,0,255,125,158,0
105197,18,3,0,255,0,0,2,0,2,8,64,8,138,160,0,16,1,9,0,255,148,149,0,32,1,9,0,255,150,157,0,48,1,9,0,255,152,165,0,64,2,10,0,255,149,118,0,80,1,10,0,255,126,158,0
105198,18,3,0,255,0,0,2,0,2,8,64,8,139,160,0,16,1,9,0,255,148,149,0,32,1,9,0,255,150,157,0,48,1,9,0,255,152,165,0,64,2,10,0,255,153,112,0,80,1,10,0,255,126,158,0
105199,18,3,0,255,0,0,2,0,2,8,64,8,139,160,0,16,1,9,0,255,149,149,0,32,1,9,0,255,151,157,0,48,1,9,0,255,153,165,0,64,2,10,0,255,153,112,0,80,1,10,0,255,127,158,0
105200,18,3,0,255,0,0,2,0,2,8,64,8,140,160,0,16,1,9,0,255,149,149,0,32,1,9,0,255,151,157,0,48,1,9,0,255,153,165,0,64,2,10,0,255,157,107,0,80,1,10,0,255,127,158,0
105201,18,3,0,255,0,0,2,0,2,8,64,8,140,160,0,16,1,9,0,255,150,149,0,32,1,9,0,255,152,157,0,48,1,9,0,255,154,165,0,64,2,10,0,255,157,107,0,80,1,10,0,255,128,158,0
105202,18,3,0,255,0,0,2,0,2,8,64,8,141,160,0,16,1,9,0,255,150,149,0,32,1,9,0,255,152,157,0,48,1,9,0,255,154,165,0,64,2,10,0,255,161,102,0,80,1,10,0,255,128,158,0
105206,18,3,0,255,0,0,2,0,2,8,64,4,141,160,0,16,1,9,0,255,150,149,0,32,1,9,0,255,152,157,0,48,1,9,0,255,154,165,0,64,2,10,0,255,169,92,0,80,1,10,0,255,128,158,0
105207,18,3,0,255,0,0,2,0,2,8,64,4,141,160,0,16,1,9,0,255,151,149,0,32,1,9,0,255,153,157,0,48,1,9,0,255,155,165,0,64,2,10,0,255,169,92,0,80,1,10,0,255,129,158,0
105208,18,3,0,255,0,0,2,0,2,8,64,4,142,160,0,16,1,9,0,255,151,149,0,32,1,9,0,255,153,157,0,48,1,9,0,255,155,165,0,64,2,10,0,255,173,89,0,80,1,10,0,255,129,158,0
105209,18,3,0,255,0,0,2,0,2,8,64,4,142,160,0,16,1,9,0,255,152,149,0,32,1,9,0,255,154,157,0,48,1,9,0,255,156,165,0,64,2,10,0,255,173,89,0,80,1,10,0,255,130,158,0
105210,18,3,0,255,0,0,2,0,2,8,64,4,142,160,0,16,1,9,0,255,152,149,0,32,1,9,0,255,154,157,0,48,1,9,0,255,156,165,0,64,2,10,0,255,177,86,0,80,1,10,0,255,130,158,0
105211,18,3,0,255,0,0,2,0,2,8,64,4,142,160,0,16,1,9,0,255,152,149,0,32,1,9,0,255,154,157,0,48,1,9,0,255,156,165,0,64,2,10,0,255,177,86,0,80,1,10,0,255,130,158,0
105236,18,9,0,255,0,1,2,0,0,8,3,0,142,160,0,16,0,9,0,255,152,149,0,32,0,255,0,1,144,216,1,48,0,9,0,255,156,165,0,64,0,10,0,255,181,83,0,80,0,10,0,255,130,158,0
111970,16,3,0,255,0,130,2,0,0,255,0,1,112,184,1,16,0,7,0,1,80,200,1,32,0,6,0,4,76,118,0,48,0,7,128,2,176,168,1,64,0,7,128,2,144,184,1,80,0,0,0,2,110,136,1
111986,16,3,0,255,0,130,130,0,0,255,0,1,112,184,1,16,0,7,0,1,80,200,1,32,0,6,0,4,76,118,0,48,0,7,128,2,176,168,1,64,0,7,128,2,144,184,1,80,0,0,0,2,110,136,1
