=== config ===
  HOSTCC  scripts/basic/fixdep
  HOSTCC  scripts/kconfig/conf.o
  HOSTCC  scripts/kconfig/confdata.o
  HOSTCC  scripts/kconfig/expr.o
  LEX     scripts/kconfig/lexer.lex.c
  YACC    scripts/kconfig/parser.tab.[ch]
  HOSTCC  scripts/kconfig/lexer.lex.o
  HOSTCC  scripts/kconfig/menu.o
  HOSTCC  scripts/kconfig/parser.tab.o
  HOSTCC  scripts/kconfig/preprocess.o
  HOSTCC  scripts/kconfig/symbol.o
  HOSTCC  scripts/kconfig/util.o
  HOSTLD  scripts/kconfig/conf
.config:6869:warning: symbol value 'm' invalid for FB_BACKLIGHT
.config:8649:warning: symbol value 'm' invalid for HYPERV
.config:9968:warning: symbol value 'm' invalid for ANDROID_BINDER_IPC
.config:10915:warning: symbol value 'm' invalid for CRYPTO_LIB_CURVE25519_GENERIC
.config:10921:warning: symbol value 'm' invalid for CRYPTO_LIB_POLY1305_GENERIC
#
# configuration written to .config
#
[build-6.18] configured: kernelrelease=6.18.35, KVM_AMD=m, BTF/DEBUG/SIG off, certs cleared
=== build ===
2026-08-25T03:44:53Z
  UPD     include/config/kernel.release
  GEN     debian
dpkg-buildpackage --build=binary --no-pre-clean --unsigned-changes -R'make -f debian/rules' -j1 -a$(cat debian/arch)
dpkg-buildpackage: info: source package linux-upstream
dpkg-buildpackage: info: source version 6.18.35-g52248ae11944-1
dpkg-buildpackage: info: source distribution trixie
dpkg-buildpackage: info: source changed by root <root@em-serene-montalcini>
 dpkg-source --before-build .
dpkg-buildpackage: info: host architecture amd64
 make -f debian/rules binary
#
# No change to .config
#
  UPD     include/generated/uapi/linux/version.h
  WRAP    arch/x86/include/generated/uapi/asm/bpf_perf_event.h
  WRAP    arch/x86/include/generated/uapi/asm/errno.h
  WRAP    arch/x86/include/generated/uapi/asm/fcntl.h
  WRAP    arch/x86/include/generated/uapi/asm/ioctl.h
  GEN     arch/x86/include/generated/asm/orc_hash.h
  WRAP    arch/x86/include/generated/uapi/asm/ioctls.h
  WRAP    arch/x86/include/generated/uapi/asm/ipcbuf.h
  WRAP    arch/x86/include/generated/uapi/asm/param.h
  WRAP    arch/x86/include/generated/uapi/asm/poll.h
  WRAP    arch/x86/include/generated/uapi/asm/resource.h
  WRAP    arch/x86/include/generated/uapi/asm/socket.h
  WRAP    arch/x86/include/generated/uapi/asm/sockios.h
  WRAP    arch/x86/include/generated/uapi/asm/termbits.h
  WRAP    arch/x86/include/generated/uapi/asm/termios.h
  WRAP    arch/x86/include/generated/uapi/asm/types.h
  UPD     arch/x86/include/generated/asm/cpufeaturemasks.h
  SYSHDR  arch/x86/include/generated/uapi/asm/unistd_32.h
  WRAP    arch/x86/include/generated/asm/early_ioremap.h
  SYSHDR  arch/x86/include/generated/uapi/asm/unistd_64.h
  WRAP    arch/x86/include/generated/asm/fprobe.h
  WRAP    arch/x86/include/generated/asm/mcs_spinlock.h
  WRAP    arch/x86/include/generated/asm/mmzone.h
  SYSHDR  arch/x86/include/generated/uapi/asm/unistd_x32.h
  SYSTBL  arch/x86/include/generated/asm/syscalls_32.h
  WRAP    arch/x86/include/generated/asm/ring_buffer.h
  WRAP    arch/x86/include/generated/asm/irq_regs.h
  SYSHDR  arch/x86/include/generated/asm/unistd_32_ia32.h
  WRAP    arch/x86/include/generated/asm/kmap_size.h
  UPD     include/generated/utsrelease.h
  WRAP    arch/x86/include/generated/asm/local64.h
  SYSHDR  arch/x86/include/generated/asm/unistd_64_x32.h
  HOSTCC  scripts/unifdef
  UPD     include/generated/compile.h
  WRAP    arch/x86/include/generated/asm/mmiowb.h
  HOSTCC  arch/x86/tools/relocs_32.o
  SYSTBL  arch/x86/include/generated/asm/syscalls_64.h
  WRAP    arch/x86/include/generated/asm/module.lds.h
  SYSTBL  arch/x86/include/generated/asm/syscalls_x32.h
  WRAP    arch/x86/include/generated/asm/rwonce.h
  HYPERCALLS arch/x86/include/generated/asm/xen-hypercalls.h
  DESCEND objtool
  HOSTCC  arch/x86/tools/relocs_64.o
  HOSTCC  arch/x86/tools/relocs_common.o
  HOSTCC  scripts/genksyms/genksyms.o
  HOSTCC  scripts/kallsyms
  YACC    scripts/genksyms/parse.tab.[ch]
  HOSTCC  scripts/sorttable
  HOSTCC  scripts/asn1_compiler
  LEX     scripts/genksyms/lex.lex.c
  HOSTCC  scripts/ipe/polgen/polgen
  HOSTCC  scripts/selinux/mdp/mdp
  HOSTCC  scripts/sign-file
  HOSTCC  scripts/genksyms/parse.tab.o
  HOSTCC  scripts/genksyms/lex.lex.o
  INSTALL /root/kbuild-618/linux-6.18.35/tools/objtool/libsubcmd/include/subcmd/exec-cmd.h
  INSTALL /root/kbuild-618/linux-6.18.35/tools/objtool/libsubcmd/include/subcmd/help.h
  INSTALL /root/kbuild-618/linux-6.18.35/tools/objtool/libsubcmd/include/subcmd/pager.h
  INSTALL /root/kbuild-618/linux-6.18.35/tools/objtool/libsubcmd/include/subcmd/parse-options.h
  INSTALL /root/kbuild-618/linux-6.18.35/tools/objtool/libsubcmd/include/subcmd/run-command.h
  INSTALL libsubcmd_headers
  HOSTLD  arch/x86/tools/relocs
  CC      /root/kbuild-618/linux-6.18.35/tools/objtool/libsubcmd/exec-cmd.o
  CC      /root/kbuild-618/linux-6.18.35/tools/objtool/libsubcmd/help.o
  CC      /root/kbuild-618/linux-6.18.35/tools/objtool/libsubcmd/pager.o
  CC      /root/kbuild-618/linux-6.18.35/tools/objtool/libsubcmd/parse-options.o
  CC      /root/kbuild-618/linux-6.18.35/tools/objtool/libsubcmd/run-command.o
  CC      /root/kbuild-618/linux-6.18.35/tools/objtool/libsubcmd/sigchain.o
  CC      /root/kbuild-618/linux-6.18.35/tools/objtool/libsubcmd/subcmd-config.o
  HDRINST usr/include/asm-generic/bpf_perf_event.h
  HDRINST usr/include/asm-generic/socket.h
  HDRINST usr/include/asm-generic/kvm_para.h
  HDRINST usr/include/asm-generic/ipcbuf.h
  HDRINST usr/include/asm-generic/types.h
  HDRINST usr/include/asm-generic/stat.h
  HDRINST usr/include/asm-generic/siginfo.h
  HDRINST usr/include/asm-generic/fcntl.h
  HDRINST usr/include/asm-generic/ioctl.h
  HDRINST usr/include/asm-generic/ucontext.h
  HDRINST usr/include/asm-generic/signal-defs.h
  HDRINST usr/include/asm-generic/bitsperlong.h
  HDRINST usr/include/asm-generic/hugetlb_encode.h
  HDRINST usr/include/asm-generic/msgbuf.h
  HDRINST usr/include/asm-generic/ioctls.h
  HDRINST usr/include/asm-generic/int-ll64.h
  HDRINST usr/include/asm-generic/errno-base.h
  HDRINST usr/include/asm-generic/auxvec.h
  HDRINST usr/include/asm-generic/sockios.h
  HDRINST usr/include/asm-generic/mman.h
  HDRINST usr/include/asm-generic/int-l64.h
  HDRINST usr/include/asm-generic/setup.h
  HDRINST usr/include/asm-generic/poll.h
  HDRINST usr/include/asm-generic/errno.h
  HDRINST usr/include/asm-generic/termios.h
  HDRINST usr/include/asm-generic/param.h
  HDRINST usr/include/asm-generic/signal.h
  HDRINST usr/include/asm-generic/sembuf.h
  HDRINST usr/include/asm-generic/statfs.h
  HDRINST usr/include/asm-generic/swab.h
  HDRINST usr/include/asm-generic/resource.h
  HDRINST usr/include/asm-generic/unistd.h
  HDRINST usr/include/asm-generic/posix_types.h
  HDRINST usr/include/asm-generic/termbits-common.h
  HDRINST usr/include/asm-generic/shmbuf.h
  HDRINST usr/include/asm-generic/mman-common.h
  HDRINST usr/include/asm-generic/termbits.h
  HDRINST usr/include/cxl/features.h
  HDRINST usr/include/drm/qaic_accel.h
  HDRINST usr/include/drm/rocket_accel.h
  HDRINST usr/include/drm/panthor_drm.h
  HDRINST usr/include/drm/virtgpu_drm.h
  HDRINST usr/include/drm/etnaviv_drm.h
  HDRINST usr/include/drm/drm_sarea.h
  HDRINST usr/include/drm/drm_fourcc.h
  HDRINST usr/include/drm/asahi_drm.h
  HDRINST usr/include/drm/xe_drm.h
  HDRINST usr/include/drm/panfrost_drm.h
  HDRINST usr/include/drm/qxl_drm.h
  HDRINST usr/include/drm/vmwgfx_drm.h
  HDRINST usr/include/drm/pvr_drm.h
  HDRINST usr/include/drm/vc4_drm.h
  HDRINST usr/include/drm/i915_drm.h
  HDRINST usr/include/drm/nouveau_drm.h
  HDRINST usr/include/drm/amdgpu_drm.h
  HDRINST usr/include/drm/tegra_drm.h
  HDRINST usr/include/drm/omap_drm.h
  HDRINST usr/include/drm/armada_drm.h
  HDRINST usr/include/drm/vgem_drm.h
  HDRINST usr/include/drm/ivpu_accel.h
  HDRINST usr/include/drm/lima_drm.h
  HDRINST usr/include/drm/nova_drm.h
  HDRINST usr/include/drm/drm_mode.h
  HDRINST usr/include/drm/exynos_drm.h
  HDRINST usr/include/drm/radeon_drm.h
  HDRINST usr/include/drm/v3d_drm.h
  HDRINST usr/include/drm/msm_drm.h
  HDRINST usr/include/drm/amdxdna_accel.h
  HDRINST usr/include/drm/drm.h
  HDRINST usr/include/drm/habanalabs_accel.h
  HDRINST usr/include/fwctl/mlx5.h
  HDRINST usr/include/fwctl/pds.h
  HDRINST usr/include/fwctl/cxl.h
  HDRINST usr/include/fwctl/fwctl.h
  HDRINST usr/include/linux/reboot.h
  HDRINST usr/include/linux/patchkey.h
  HDRINST usr/include/linux/bpf_perf_event.h
  HDRINST usr/include/linux/virtio_mem.h
  HDRINST usr/include/linux/kd.h
  HDRINST usr/include/linux/membarrier.h
  HDRINST usr/include/linux/tty_flags.h
  HDRINST usr/include/linux/udf_fs_i.h
  HDRINST usr/include/linux/parport.h
  HDRINST usr/include/linux/vm_sockets_diag.h
  HDRINST usr/include/linux/bpqether.h
  HDRINST usr/include/linux/netfilter_ipv6.h
  HDRINST usr/include/linux/map_to_7segment.h
  HDRINST usr/include/linux/irqnr.h
  HDRINST usr/include/linux/cn_proc.h
  HDRINST usr/include/linux/netfilter_arp/arp_tables.h
  HDRINST usr/include/linux/netfilter_arp/arpt_mangle.h
  HDRINST usr/include/linux/uleds.h
  HDRINST usr/include/linux/lsm.h
  HDRINST usr/include/linux/inotify.h
  HDRINST usr/include/linux/icmp.h
  HDRINST usr/include/linux/cfm_bridge.h
  HDRINST usr/include/linux/serial_reg.h
  HDRINST usr/include/linux/capi.h
  HDRINST usr/include/linux/hsi/hsi_char.h
  HDRINST usr/include/linux/hsi/cs-protocol.h
  HDRINST usr/include/linux/blkzoned.h
  HDRINST usr/include/linux/tcp_metrics.h
  HDRINST usr/include/linux/pcitest.h
  HDRINST usr/include/linux/socket.h
  HDRINST usr/include/linux/ioprio.h
  HDRINST usr/include/linux/seg6_iptunnel.h
  HDRINST usr/include/linux/ipmi.h
  HDRINST usr/include/linux/time.h
  HDRINST usr/include/linux/vmclock-abi.h
  HDRINST usr/include/linux/mtio.h
  HDRINST usr/include/linux/if_infiniband.h
  HDRINST usr/include/linux/psp.h
  HDRINST usr/include/linux/nilfs2_api.h
  HDRINST usr/include/linux/timerfd.h
  HDRINST usr/include/linux/smiapp.h
  HDRINST usr/include/linux/adfs_fs.h
  HDRINST usr/include/linux/media.h
  HDRINST usr/include/linux/sonet.h
  HDRINST usr/include/linux/cdrom.h
  HDRINST usr/include/linux/gfs2_ondisk.h
  HDRINST usr/include/linux/pkt_sched.h
  HDRINST usr/include/linux/if_phonet.h
  HDRINST usr/include/linux/input-event-codes.h
  HDRINST usr/include/linux/rose.h
  HDRINST usr/include/linux/hdlcdrv.h
  HDRINST usr/include/linux/binfmts.h
  HOSTLD  scripts/genksyms/genksyms
  HDRINST usr/include/linux/nfsd/cld.h
  HDRINST usr/include/linux/nfsd/export.h
  HDRINST usr/include/linux/nfsd/stats.h
  HDRINST usr/include/linux/nfsd/debug.h
  HDRINST usr/include/linux/kvm_para.h
  HDRINST usr/include/linux/nfs.h
  HDRINST usr/include/linux/input.h
  HDRINST usr/include/linux/xdp_diag.h
  HDRINST usr/include/linux/bfs_fs.h
  HDRINST usr/include/linux/target_core_user.h
  HDRINST usr/include/linux/pwm.h
  HDRINST usr/include/linux/userio.h
  HDRINST usr/include/linux/atmmpc.h
  HDRINST usr/include/linux/btrfs.h
  HDRINST usr/include/linux/i8k.h
  HDRINST usr/include/linux/byteorder/little_endian.h
  HDRINST usr/include/linux/byteorder/big_endian.h
  HDRINST usr/include/linux/map_to_14segment.h
  HDRINST usr/include/linux/kernel-page-flags.h
  HDRINST usr/include/linux/ioam6.h
  HDRINST usr/include/linux/nbd-netlink.h
  HDRINST usr/include/linux/mrp_bridge.h
  HDRINST usr/include/linux/nitro_enclaves.h
  HDRINST usr/include/linux/keyboard.h
  HDRINST usr/include/linux/atm_he.h
  HDRINST usr/include/linux/sctp.h
  HDRINST usr/include/linux/in.h
  HDRINST usr/include/linux/counter/microchip-tcb-capture.h
  HDRINST usr/include/linux/pktcdvd.h
  HDRINST usr/include/linux/nfsacl.h
  HDRINST usr/include/linux/types.h
  HDRINST usr/include/linux/ublk_cmd.h
  HDRINST usr/include/linux/nubus.h
  HDRINST usr/include/linux/fs.h
  CC      scripts/mod/empty.o
  HDRINST usr/include/linux/adb.h
  HDRINST usr/include/linux/ip6_tunnel.h
  HOSTCC  scripts/mod/mk_elfconfig
  HDRINST usr/include/linux/cryptouser.h
  HDRINST usr/include/linux/if_arp.h
  CC      scripts/mod/devicetable-offsets.s
  HDRINST usr/include/linux/futex.h
  HDRINST usr/include/linux/usb/gadgetfs.h
  HDRINST usr/include/linux/usb/tmc.h
  HDRINST usr/include/linux/usb/ch11.h
  HDRINST usr/include/linux/usb/ch9.h
  HDRINST usr/include/linux/usb/cdc.h
  HDRINST usr/include/linux/usb/g_printer.h
  HDRINST usr/include/linux/usb/raw_gadget.h
  HDRINST usr/include/linux/usb/cdc-wdm.h
  HDRINST usr/include/linux/usb/audio.h
  HDRINST usr/include/linux/usb/g_hid.h
  HDRINST usr/include/linux/usb/midi.h
  HDRINST usr/include/linux/usb/charger.h
  HDRINST usr/include/linux/usb/g_uvc.h
  HDRINST usr/include/linux/usb/functionfs.h
  HDRINST usr/include/linux/usb/video.h
  HDRINST usr/include/linux/atmioc.h
  HDRINST usr/include/linux/if_macsec.h
  HDRINST usr/include/linux/atmsap.h
  HDRINST usr/include/linux/v4l2-mediabus.h
  HDRINST usr/include/linux/mctp.h
  HDRINST usr/include/linux/cec.h
  HDRINST usr/include/linux/edd.h
  HDRINST usr/include/linux/dw100.h
  HDRINST usr/include/linux/sev-guest.h
  HDRINST usr/include/linux/tps6594_pfsm.h
  HDRINST usr/include/linux/sound.h
  HDRINST usr/include/linux/fb.h
  HDRINST usr/include/linux/dlmconstants.h
  HDRINST usr/include/linux/posix_acl_xattr.h
  HDRINST usr/include/linux/sed-opal.h
  HDRINST usr/include/linux/sysctl.h
  HDRINST usr/include/linux/if_slip.h
  HDRINST usr/include/linux/seg6_genl.h
  HDRINST usr/include/linux/mpls_iptunnel.h
  HDRINST usr/include/linux/atmppp.h
  HDRINST usr/include/linux/phonet.h
  HDRINST usr/include/linux/fscrypt.h
  HDRINST usr/include/linux/stat.h
  HDRINST usr/include/linux/virtio_scsi.h
  HDRINST usr/include/linux/hyperv.h
  HDRINST usr/include/linux/bpf_common.h
  HDRINST usr/include/linux/virtio_crypto.h
  HDRINST usr/include/linux/falloc.h
  HDRINST usr/include/linux/fcntl.h
  HDRINST usr/include/linux/dma-heap.h
  HDRINST usr/include/linux/dpll.h
  HDRINST usr/include/linux/efs_fs_sb.h
  MKELF   scripts/mod/elfconfig.h
  HDRINST usr/include/linux/netdevice.h
  HDRINST usr/include/linux/fuse.h
  HOSTCC  scripts/mod/modpost.o
  HDRINST usr/include/linux/msg.h
  HOSTCC  scripts/mod/sumversion.o
  HDRINST usr/include/linux/memfd.h
  HDRINST usr/include/linux/kernelcapi.h
  HDRINST usr/include/linux/videodev2.h
  HDRINST usr/include/linux/blktrace_api.h
  HDRINST usr/include/linux/coresight-stm.h
  HOSTCC  scripts/mod/symsearch.o
  HDRINST usr/include/linux/tcp.h
  HDRINST usr/include/linux/elf-em.h
  HDRINST usr/include/linux/rpmsg.h
  HDRINST usr/include/linux/atmarp.h
  HDRINST usr/include/linux/ovpn.h
  HDRINST usr/include/linux/switchtec_ioctl.h
  HDRINST usr/include/linux/cciss_ioctl.h
  HDRINST usr/include/linux/ioctl.h
  HDRINST usr/include/linux/ethtool_netlink_generated.h
  HDRINST usr/include/linux/atm_idt77105.h
  HDRINST usr/include/linux/blkpg.h
  HDRINST usr/include/linux/netfilter_bridge/ebtables.h
  HDRINST usr/include/linux/netfilter_bridge/ebt_ip6.h
  HDRINST usr/include/linux/netfilter_bridge/ebt_pkttype.h
  HDRINST usr/include/linux/netfilter_bridge/ebt_arp.h
  HDRINST usr/include/linux/netfilter_bridge/ebt_redirect.h
  HDRINST usr/include/linux/netfilter_bridge/ebt_arpreply.h
  HDRINST usr/include/linux/netfilter_bridge/ebt_ip.h
  HDRINST usr/include/linux/netfilter_bridge/ebt_log.h
  LD      /root/kbuild-618/linux-6.18.35/tools/objtool/libsubcmd/libsubcmd-in.o
  HDRINST usr/include/linux/netfilter_bridge/ebt_mark_m.h
  HDRINST usr/include/linux/netfilter_bridge/ebt_vlan.h
  HDRINST usr/include/linux/netfilter_bridge/ebt_nat.h
  HDRINST usr/include/linux/netfilter_bridge/ebt_limit.h
  HDRINST usr/include/linux/netfilter_bridge/ebt_mark_t.h
  HDRINST usr/include/linux/netfilter_bridge/ebt_stp.h
  HDRINST usr/include/linux/netfilter_bridge/ebt_among.h
  HDRINST usr/include/linux/netfilter_bridge/ebt_802_3.h
  HDRINST usr/include/linux/netfilter_bridge/ebt_nflog.h
  HDRINST usr/include/linux/virtio_vsock.h
  HDRINST usr/include/linux/selinux_netlink.h
  AR      /root/kbuild-618/linux-6.18.35/tools/objtool/libsubcmd/libsubcmd.a
  HDRINST usr/include/linux/hash_info.h
  HDRINST usr/include/linux/vesa.h
  HDRINST usr/include/linux/genetlink.h
  HDRINST usr/include/linux/phantom.h
  HDRINST usr/include/linux/taskstats.h
  HDRINST usr/include/linux/nfc.h
  HDRINST usr/include/linux/nfsd_netlink.h
  UPD     scripts/mod/devicetable-offsets.h
  HDRINST usr/include/linux/posix_acl.h
  HDRINST usr/include/linux/dlm_plock.h
  HDRINST usr/include/linux/counter.h
  HOSTCC  scripts/mod/file2alias.o
  HDRINST usr/include/linux/mroute.h
  HDRINST usr/include/linux/if_bonding.h
  HDRINST usr/include/linux/synclink.h
  HDRINST usr/include/linux/ppp_defs.h
  HDRINST usr/include/linux/elf-fdpic.h
  HDRINST usr/include/linux/llc.h
  HDRINST usr/include/linux/msdos_fs.h
  HDRINST usr/include/linux/virtio_blk.h
  HDRINST usr/include/linux/nfs4_mount.h
  HDRINST usr/include/linux/vsockmon.h
  HDRINST usr/include/linux/personality.h
  HDRINST usr/include/linux/rio_cm_cdev.h
  HDRINST usr/include/linux/minix_fs.h
  HDRINST usr/include/linux/v4l2-dv-timings.h
  HDRINST usr/include/linux/dccp.h
  CC      /root/kbuild-618/linux-6.18.35/tools/objtool/arch/x86/special.o
  CC      /root/kbuild-618/linux-6.18.35/tools/objtool/weak.o
  MKDIR   /root/kbuild-618/linux-6.18.35/tools/objtool/arch/x86/lib/
  CC      /root/kbuild-618/linux-6.18.35/tools/objtool/check.o
  CC      /root/kbuild-618/linux-6.18.35/tools/objtool/arch/x86/orc.o
  GEN     /root/kbuild-618/linux-6.18.35/tools/objtool/arch/x86/lib/inat-tables.c
  HDRINST usr/include/linux/eventpoll.h
  CC      /root/kbuild-618/linux-6.18.35/tools/objtool/special.o
  HDRINST usr/include/linux/hidraw.h
  HDRINST usr/include/linux/timex.h
  CC      /root/kbuild-618/linux-6.18.35/tools/objtool/builtin-check.o
  CC      /root/kbuild-618/linux-6.18.35/tools/objtool/elf.o
  HDRINST usr/include/linux/oom.h
  CC      /root/kbuild-618/linux-6.18.35/tools/objtool/objtool.o
  HDRINST usr/include/linux/libc-compat.h
  CC      /root/kbuild-618/linux-6.18.35/tools/objtool/orc_gen.o
  HDRINST usr/include/linux/virtio_i2c.h
  HDRINST usr/include/linux/udmabuf.h
  CC      /root/kbuild-618/linux-6.18.35/tools/objtool/arch/x86/decode.o
  CC      /root/kbuild-618/linux-6.18.35/tools/objtool/orc_dump.o
  HDRINST usr/include/linux/zorro_ids.h
  CC      /root/kbuild-618/linux-6.18.35/tools/objtool/libstring.o
  HDRINST usr/include/linux/pr.h
  HDRINST usr/include/linux/openvswitch.h
  CC      /root/kbuild-618/linux-6.18.35/tools/objtool/libctype.o
  HDRINST usr/include/linux/const.h
  CC      /root/kbuild-618/linux-6.18.35/tools/objtool/str_error_r.o
  HDRINST usr/include/linux/virtio_rtc.h
  CC      /root/kbuild-618/linux-6.18.35/tools/objtool/librbtree.o
  HDRINST usr/include/linux/cifs/cifs_netlink.h
  HDRINST usr/include/linux/cifs/cifs_mount.h
  HDRINST usr/include/linux/ethtool.h
  HDRINST usr/include/linux/isst_if.h
  HDRINST usr/include/linux/if_arcnet.h
  HDRINST usr/include/linux/kfd_sysfs.h
  HDRINST usr/include/linux/quota.h
  HDRINST usr/include/linux/veth.h
  HDRINST usr/include/linux/trace_mmap.h
  HDRINST usr/include/linux/dqblk_xfs.h
  HDRINST usr/include/linux/dvb/frontend.h
  HDRINST usr/include/linux/dvb/ca.h
  HDRINST usr/include/linux/dvb/audio.h
  HDRINST usr/include/linux/dvb/version.h
  HDRINST usr/include/linux/dvb/osd.h
  HDRINST usr/include/linux/dvb/net.h
  HDRINST usr/include/linux/dvb/dmx.h
  HDRINST usr/include/linux/dvb/video.h
  HDRINST usr/include/linux/blkdev.h
  HDRINST usr/include/linux/seg6.h
  HDRINST usr/include/linux/ppp-ioctl.h
  HDRINST usr/include/linux/rtnetlink.h
  HDRINST usr/include/linux/mmc/ioctl.h
  HDRINST usr/include/linux/ipmi_bmc.h
  HDRINST usr/include/linux/bsg.h
  HDRINST usr/include/linux/pci_regs.h
  HDRINST usr/include/linux/hpet.h
  HDRINST usr/include/linux/rpl_iptunnel.h
  HDRINST usr/include/linux/auto_fs.h
  HDRINST usr/include/linux/time_types.h
  HDRINST usr/include/linux/wait.h
  HDRINST usr/include/linux/audit.h
  HDRINST usr/include/linux/iso_fs.h
  HDRINST usr/include/linux/um_timetravel.h
  HDRINST usr/include/linux/udp.h
  HDRINST usr/include/linux/landlock.h
  HDRINST usr/include/linux/tipc_config.h
  HDRINST usr/include/linux/nexthop.h
  HDRINST usr/include/linux/omapfb.h
  HDRINST usr/include/linux/virtio_pcidev.h
  HDRINST usr/include/linux/sync_file.h
  HDRINST usr/include/linux/connector.h
  HDRINST usr/include/linux/nfs_fs.h
  HDRINST usr/include/linux/eventfd.h
  HDRINST usr/include/linux/raid/md_p.h
  HDRINST usr/include/linux/raid/md_u.h
  HDRINST usr/include/linux/arm_sdei.h
  HDRINST usr/include/linux/igmp.h
  HDRINST usr/include/linux/aio_abi.h
  HDRINST usr/include/linux/uhid.h
  HDRINST usr/include/linux/media-bus-format.h
  HDRINST usr/include/linux/bcm933xx_hcs.h
  HDRINST usr/include/linux/soundcard.h
  HDRINST usr/include/linux/serio.h
  HDRINST usr/include/linux/net_shaper.h
  HDRINST usr/include/linux/fpga-dfl.h
  HDRINST usr/include/linux/virtio_mmio.h
  HDRINST usr/include/linux/if_alg.h
  HDRINST usr/include/linux/stm.h
  HDRINST usr/include/linux/genwqe/genwqe_card.h
  HDRINST usr/include/linux/loop.h
  HDRINST usr/include/linux/mei.h
  HDRINST usr/include/linux/v4l2-controls.h
  HDRINST usr/include/linux/ppp-comp.h
  HDRINST usr/include/linux/snmp.h
  HDRINST usr/include/linux/net_tstamp.h
  HDRINST usr/include/linux/limits.h
  HDRINST usr/include/linux/netlink.h
  HDRINST usr/include/linux/x25.h
  HDRINST usr/include/linux/omap3isp.h
  HDRINST usr/include/linux/virtio_iommu.h
  HDRINST usr/include/linux/netfilter_bridge.h
  HDRINST usr/include/linux/if_tunnel.h
  HDRINST usr/include/linux/seg6_local.h
  HDRINST usr/include/linux/mmtimer.h
  HDRINST usr/include/linux/kdev_t.h
  HDRINST usr/include/linux/atm_tcp.h
  HDRINST usr/include/linux/route.h
  HDRINST usr/include/linux/fsl_hypervisor.h
  HDRINST usr/include/linux/screen_info.h
  HDRINST usr/include/linux/unix_diag.h
  HDRINST usr/include/linux/filter.h
  HDRINST usr/include/linux/qnx4_fs.h
  HDRINST usr/include/linux/vmcore.h
  HDRINST usr/include/linux/virtio_9p.h
  HDRINST usr/include/linux/kcm.h
  HDRINST usr/include/linux/nbd.h
  HDRINST usr/include/linux/firewire-cdev.h
  HDRINST usr/include/linux/lockd_netlink.h
  HDRINST usr/include/linux/mount.h
  HDRINST usr/include/linux/amt.h
  HDRINST usr/include/linux/vfio_zdev.h
  HDRINST usr/include/linux/cxl_mem.h
  HDRINST usr/include/linux/atmlec.h
  HDRINST usr/include/linux/virtio_gpu.h
  HDRINST usr/include/linux/ncsi.h
  HDRINST usr/include/linux/neighbour.h
  HDRINST usr/include/linux/idxd.h
  HDRINST usr/include/linux/qnxtypes.h
  HDRINST usr/include/linux/tipc_netlink.h
  HDRINST usr/include/linux/aspeed-video.h
  HDRINST usr/include/linux/if_vlan.h
  HDRINST usr/include/linux/tc_ematch/tc_em_nbyte.h
  HDRINST usr/include/linux/tc_ematch/tc_em_text.h
  HDRINST usr/include/linux/tc_ematch/tc_em_meta.h
  HDRINST usr/include/linux/tc_ematch/tc_em_ipt.h
  HDRINST usr/include/linux/tc_ematch/tc_em_cmp.h
  HDRINST usr/include/linux/prctl.h
  HDRINST usr/include/linux/if_bridge.h
  HDRINST usr/include/linux/nvram.h
  HDRINST usr/include/linux/sonypi.h
  HDRINST usr/include/linux/if_hippi.h
  HDRINST usr/include/linux/if_ltalk.h
  HDRINST usr/include/linux/ipv6.h
  HDRINST usr/include/linux/auxvec.h
  HDRINST usr/include/linux/sockios.h
  HDRINST usr/include/linux/atm_zatm.h
  HDRINST usr/include/linux/handshake.h
  HDRINST usr/include/linux/serial.h
  HDRINST usr/include/linux/dma-buf.h
  HDRINST usr/include/linux/ip.h
  HDRINST usr/include/linux/pkt_cls.h
  HDRINST usr/include/linux/rfkill.h
  HDRINST usr/include/linux/qemu_fw_cfg.h
  HDRINST usr/include/linux/erspan.h
  HDRINST usr/include/linux/rxrpc.h
  HDRINST usr/include/linux/if_addrlabel.h
  HDRINST usr/include/linux/coff.h
  HDRINST usr/include/linux/dns_resolver.h
  HDRINST usr/include/linux/btf.h
  HDRINST usr/include/linux/batman_adv.h
  HDRINST usr/include/linux/ivtvfb.h
  HDRINST usr/include/linux/vhost.h
  HDRINST usr/include/linux/qrtr.h
  HDRINST usr/include/linux/virtio_config.h
  HDRINST usr/include/linux/virtio_console.h
  HDRINST usr/include/linux/batadv_packet.h
  HDRINST usr/include/linux/virtio_scmi.h
  HDRINST usr/include/linux/fou.h
  HDRINST usr/include/linux/cciss_defs.h
  HDRINST usr/include/linux/uinput.h
  HDRINST usr/include/linux/v4l2-subdev.h
  HDRINST usr/include/linux/wireguard.h
  HDRINST usr/include/linux/kcmp.h
  HDRINST usr/include/linux/fsverity.h
  HDRINST usr/include/linux/virtio_ids.h
  HDRINST usr/include/linux/vbox_vmmdev_types.h
  HDRINST usr/include/linux/l2tp.h
  HDRINST usr/include/linux/sock_diag.h
  HDRINST usr/include/linux/bpf.h
  HDRINST usr/include/linux/nl80211-vnd-intel.h
  HDRINST usr/include/linux/kfd_ioctl.h
  HDRINST usr/include/linux/utime.h
  HDRINST usr/include/linux/btrfs_tree.h
  HDRINST usr/include/linux/xilinx-v4l2-controls.h
  HDRINST usr/include/linux/smc_diag.h
  HDRINST usr/include/linux/v4l2-common.h
  HDRINST usr/include/linux/ultrasound.h
  HDRINST usr/include/linux/watchdog.h
  HDRINST usr/include/linux/nfs2.h
  HDRINST usr/include/linux/vhost_types.h
  HDRINST usr/include/linux/bits.h
  HDRINST usr/include/linux/serial_core.h
  HDRINST usr/include/linux/nilfs2_ondisk.h
  HDRINST usr/include/linux/i2c.h
  HDRINST usr/include/linux/caif/if_caif.h
  HDRINST usr/include/linux/caif/caif_socket.h
  HDRINST usr/include/linux/io_uring.h
  HDRINST usr/include/linux/arcfb.h
  HDRINST usr/include/linux/user_events.h
  HDRINST usr/include/linux/vduse.h
  HDRINST usr/include/linux/major.h
  HDRINST usr/include/linux/mman.h
  HDRINST usr/include/linux/netconf.h
  HDRINST usr/include/linux/pfkeyv2.h
  HDRINST usr/include/linux/wwan.h
  HDRINST usr/include/linux/sysinfo.h
  HDRINST usr/include/linux/media/amlogic/c3-isp-config.h
  HDRINST usr/include/linux/media/raspberrypi/pisp_be_config.h
  HDRINST usr/include/linux/media/raspberrypi/pisp_fe_config.h
  HDRINST usr/include/linux/media/raspberrypi/pisp_fe_statistics.h
  HDRINST usr/include/linux/media/raspberrypi/pisp_common.h
  HDRINST usr/include/linux/errqueue.h
  HDRINST usr/include/linux/xattr.h
  HDRINST usr/include/linux/times.h
  HDRINST usr/include/linux/virtio_types.h
  HDRINST usr/include/linux/gtp.h
  HDRINST usr/include/linux/if_fc.h
  HDRINST usr/include/linux/max2175.h
  HDRINST usr/include/linux/dlm.h
  HDRINST usr/include/linux/acrn.h
  HDRINST usr/include/linux/keyctl.h
  HDRINST usr/include/linux/bt-bmc.h
  HDRINST usr/include/linux/matroxfb.h
  HDRINST usr/include/linux/virtio_snd.h
  HDRINST usr/include/linux/virtio_input.h
  HDRINST usr/include/linux/pg.h
  HDRINST usr/include/linux/mptcp_pm.h
  HDRINST usr/include/linux/thermal.h
  HDRINST usr/include/linux/userfaultfd.h
  HDRINST usr/include/linux/un.h
  HDRINST usr/include/linux/netlink_diag.h
  HDRINST usr/include/linux/tc_act/tc_gact.h
  HDRINST usr/include/linux/tc_act/tc_defact.h
  HDRINST usr/include/linux/tc_act/tc_sample.h
  HDRINST usr/include/linux/tc_act/tc_mirred.h
  HDRINST usr/include/linux/tc_act/tc_skbmod.h
  HDRINST usr/include/linux/tc_act/tc_ctinfo.h
  HDRINST usr/include/linux/tc_act/tc_skbedit.h
  HDRINST usr/include/linux/tc_act/tc_tunnel_key.h
  HDRINST usr/include/linux/tc_act/tc_mpls.h
  HDRINST usr/include/linux/tc_act/tc_vlan.h
  HDRINST usr/include/linux/tc_act/tc_pedit.h
  HDRINST usr/include/linux/tc_act/tc_bpf.h
  HDRINST usr/include/linux/tc_act/tc_ct.h
  HDRINST usr/include/linux/tc_act/tc_connmark.h
  HDRINST usr/include/linux/tc_act/tc_csum.h
  HDRINST usr/include/linux/tc_act/tc_ife.h
  HDRINST usr/include/linux/tc_act/tc_nat.h
  HDRINST usr/include/linux/tc_act/tc_gate.h
  HDRINST usr/include/linux/watch_queue.h
  HDRINST usr/include/linux/smc.h
  HDRINST usr/include/linux/aspeed-p2a-ctrl.h
  HDRINST usr/include/linux/nfs_idmap.h
  HDRINST usr/include/linux/if_plip.h
  HDRINST usr/include/linux/if_pppox.h
  HDRINST usr/include/linux/virtio_spi.h
  HDRINST usr/include/linux/dm-ioctl.h
  HDRINST usr/include/linux/elf.h
  HDRINST usr/include/linux/uuid.h
  HDRINST usr/include/linux/fdreg.h
  HDRINST usr/include/linux/random.h
  HDRINST usr/include/linux/icmpv6.h
  HDRINST usr/include/linux/usbdevice_fs.h
  HDRINST usr/include/linux/if_addr.h
  HDRINST usr/include/linux/capability.h
  HDRINST usr/include/linux/poll.h
  HDRINST usr/include/linux/virtio_gpio.h
  HDRINST usr/include/linux/ioam6_genl.h
  HDRINST usr/include/linux/fsl_mc.h
  HDRINST usr/include/linux/virtio_pci.h
  HDRINST usr/include/linux/errno.h
  HDRINST usr/include/linux/mpls.h
  HDRINST usr/include/linux/atm.h
  HDRINST usr/include/linux/suspend_ioctls.h
  HDRINST usr/include/linux/termios.h
  HDRINST usr/include/linux/comedi.h
  HDRINST usr/include/linux/iommufd.h
  HDRINST usr/include/linux/chio.h
  HDRINST usr/include/linux/atmapi.h
  HDRINST usr/include/linux/thp7312.h
  HDRINST usr/include/linux/vt.h
  HDRINST usr/include/linux/uvcvideo.h
  HDRINST usr/include/linux/wmi.h
  HDRINST usr/include/linux/npcm-video.h
  HDRINST usr/include/linux/if_packet.h
  HDRINST usr/include/linux/fadvise.h
  HDRINST usr/include/linux/scif_ioctl.h
  HDRINST usr/include/linux/ipmi_ssif_bmc.h
  HDRINST usr/include/linux/fib_rules.h
  HDRINST usr/include/linux/psci.h
  HDRINST usr/include/linux/vboxguest.h
  HDRINST usr/include/linux/mroute6.h
  HDRINST usr/include/linux/isdn/capicmd.h
  HDRINST usr/include/linux/if_xdp.h
  HDRINST usr/include/linux/module.h
  HDRINST usr/include/linux/ipc.h
  HDRINST usr/include/linux/mdio.h
  HDRINST usr/include/linux/firewire-constants.h
  HDRINST usr/include/linux/if_ether.h
  HDRINST usr/include/linux/joystick.h
  HDRINST usr/include/linux/mqueue.h
  HDRINST usr/include/linux/fsi.h
  HDRINST usr/include/linux/mempolicy.h
  HDRINST usr/include/linux/ptrace.h
  HDRINST usr/include/linux/jffs2.h
  HDRINST usr/include/linux/param.h
  HDRINST usr/include/linux/mptcp.h
  HDRINST usr/include/linux/vtpm_proxy.h
  HDRINST usr/include/linux/ccs.h
  HDRINST usr/include/linux/sched.h
  HDRINST usr/include/linux/misc/bcm_vk.h
  HDRINST usr/include/linux/ipsec.h
  HDRINST usr/include/linux/scc.h
  HDRINST usr/include/linux/signalfd.h
  HDRINST usr/include/linux/tipc_sockets_diag.h
  HDRINST usr/include/linux/cec-funcs.h
  HDRINST usr/include/linux/affs_hardblocks.h
  HDRINST usr/include/linux/coredump.h
  HDRINST usr/include/linux/if_team.h
  HDRINST usr/include/linux/cachefiles.h
  HDRINST usr/include/linux/sem.h
  HDRINST usr/include/linux/hdlc.h
  HDRINST usr/include/linux/kvm.h
  HDRINST usr/include/linux/ip_vs.h
  HDRINST usr/include/linux/rpmsg_types.h
  HOSTLD  scripts/mod/modpost
  HDRINST usr/include/linux/if_pppol2tp.h
  HDRINST usr/include/linux/ppdev.h
  HDRINST usr/include/linux/auto_fs4.h
  HDRINST usr/include/linux/usbip.h
  HDRINST usr/include/linux/signal.h
  HDRINST usr/include/linux/hdlc/ioctl.h
  HDRINST usr/include/linux/packet_diag.h
  HDRINST usr/include/linux/ife.h
  HDRINST usr/include/linux/netdev.h
  HDRINST usr/include/linux/cgroupstats.h
  HDRINST usr/include/linux/ipmi_msgdefs.h
  HDRINST usr/include/linux/pmu.h
  HDRINST usr/include/linux/atalk.h
  HDRINST usr/include/linux/nfs3.h
  HDRINST usr/include/linux/hid.h
  HDRINST usr/include/linux/if_ppp.h
  HDRINST usr/include/linux/perf_event.h
  LD      /root/kbuild-618/linux-6.18.35/tools/objtool/arch/x86/objtool-in.o
  HDRINST usr/include/linux/kernel.h
  HDRINST usr/include/linux/f2fs.h
  HDRINST usr/include/linux/if.h
  HDRINST usr/include/linux/i2o-dev.h
  HDRINST usr/include/linux/cyclades.h
  HDRINST usr/include/linux/nfs4.h
  HDRINST usr/include/linux/romfs_fs.h
  HDRINST usr/include/linux/cycx_cfm.h
  HDRINST usr/include/linux/in_route.h
  HDRINST usr/include/linux/nvme_ioctl.h
  HDRINST usr/include/linux/loadpin.h
  HDRINST usr/include/linux/papr_pdsm.h
  HDRINST usr/include/linux/psp-dbc.h
  HDRINST usr/include/linux/net_namespace.h
  HDRINST usr/include/linux/virtio_pmem.h
  HDRINST usr/include/linux/ptp_clock.h
  HDRINST usr/include/linux/net.h
  HDRINST usr/include/linux/tee.h
  HDRINST usr/include/linux/in6.h
  CC      kernel/bounds.s
  HDRINST usr/include/linux/tdx-guest.h
  HDRINST usr/include/linux/mshv.h
  HDRINST usr/include/linux/coda.h
  UPD     include/generated/timeconst.h
  CHKSHA1 include/linux/atomic/atomic-arch-fallback.h
  HDRINST usr/include/linux/tiocl.h
  HDRINST usr/include/linux/auto_dev-ioctl.h
  CHKSHA1 include/linux/atomic/atomic-instrumented.h
  CHKSHA1 include/linux/atomic/atomic-long.h
  HDRINST usr/include/linux/psample.h
  HDRINST usr/include/linux/close_range.h
  HDRINST usr/include/linux/atmclip.h
  HDRINST usr/include/linux/pps.h
  HDRINST usr/include/linux/xfrm.h
  HDRINST usr/include/linux/acct.h
  HDRINST usr/include/linux/devlink.h
  HDRINST usr/include/linux/toshiba.h
  HDRINST usr/include/linux/ipv6_route.h
  HDRINST usr/include/linux/net_dropmon.h
  HDRINST usr/include/linux/remoteproc_cdev.h
  HDRINST usr/include/linux/ioam6_iptunnel.h
  HDRINST usr/include/linux/seccomp.h
  HDRINST usr/include/linux/hiddev.h
  HDRINST usr/include/linux/psp-sev.h
  HDRINST usr/include/linux/uio.h
  HDRINST usr/include/linux/rio_mport_cdev.h
  HDRINST usr/include/linux/ndctl.h
  HDRINST usr/include/linux/swab.h
  HDRINST usr/include/linux/kcov.h
  HDRINST usr/include/linux/dcbnl.h
  HDRINST usr/include/linux/vbox_err.h
  HDRINST usr/include/linux/virtio_bt.h
  HDRINST usr/include/linux/fiemap.h
  HDRINST usr/include/linux/atm_eni.h
  HDRINST usr/include/linux/can.h
  HDRINST usr/include/linux/ax25.h
  HDRINST usr/include/linux/resource.h
  HDRINST usr/include/linux/cuda.h
  HDRINST usr/include/linux/am437x-vpfe.h
  HDRINST usr/include/linux/spi/spidev.h
  HDRINST usr/include/linux/netfilter.h
  HDRINST usr/include/linux/spi/spi.h
  HDRINST usr/include/linux/blk-crypto.h
  HDRINST usr/include/linux/inet_diag.h
  HDRINST usr/include/linux/utsname.h
  HDRINST usr/include/linux/if_x25.h
  HDRINST usr/include/linux/radeonfb.h
  UPD     include/generated/bounds.h
  HDRINST usr/include/linux/securebits.h
  HDRINST usr/include/linux/netfilter_ipv4.h
  HDRINST usr/include/linux/zorro.h
  HDRINST usr/include/linux/unistd.h
  HDRINST usr/include/linux/exfat.h
  CC      arch/x86/kernel/asm-offsets.s
  HDRINST usr/include/linux/shm.h
  HDRINST usr/include/linux/pps_gen.h
  HDRINST usr/include/linux/gameport.h
  HDRINST usr/include/linux/lwtunnel.h
  HDRINST usr/include/linux/sched/types.h
  HDRINST usr/include/linux/if_tun.h
  HDRINST usr/include/linux/rtc.h
  HDRINST usr/include/linux/tls.h
  HDRINST usr/include/linux/seg6_hmac.h
  HDRINST usr/include/linux/nsfs.h
  HDRINST usr/include/linux/ivtv.h
  HDRINST usr/include/linux/netfilter/xt_mac.h
  HDRINST usr/include/linux/netfilter/xt_statistic.h
  HDRINST usr/include/linux/netfilter/xt_sctp.h
  HDRINST usr/include/linux/netfilter/nf_nat.h
  HDRINST usr/include/linux/netfilter/xt_connbytes.h
  HDRINST usr/include/linux/netfilter/nfnetlink.h
  HDRINST usr/include/linux/netfilter/xt_connlimit.h
  HDRINST usr/include/linux/netfilter/xt_CONNSECMARK.h
  HDRINST usr/include/linux/netfilter/xt_tcpmss.h
  HDRINST usr/include/linux/netfilter/xt_cluster.h
  HDRINST usr/include/linux/netfilter/xt_TEE.h
  HDRINST usr/include/linux/netfilter/nf_conntrack_tcp.h
  HDRINST usr/include/linux/netfilter/xt_CONNMARK.h
  HDRINST usr/include/linux/netfilter/xt_length.h
  HDRINST usr/include/linux/netfilter/xt_bpf.h
  HDRINST usr/include/linux/netfilter/xt_physdev.h
  HDRINST usr/include/linux/netfilter/xt_devgroup.h
  HDRINST usr/include/linux/netfilter/nf_tables.h
  HDRINST usr/include/linux/netfilter/xt_MARK.h
  HDRINST usr/include/linux/netfilter/xt_rateest.h
  HDRINST usr/include/linux/netfilter/nfnetlink_queue.h
  HDRINST usr/include/linux/netfilter/xt_DSCP.h
  HDRINST usr/include/linux/netfilter/xt_CLASSIFY.h
  HDRINST usr/include/linux/netfilter/xt_CHECKSUM.h
  HDRINST usr/include/linux/netfilter/xt_esp.h
  HDRINST usr/include/linux/netfilter/xt_recent.h
  HDRINST usr/include/linux/netfilter/nf_conntrack_common.h
  HDRINST usr/include/linux/netfilter/xt_realm.h
  HDRINST usr/include/linux/netfilter/xt_tcpudp.h
  HDRINST usr/include/linux/netfilter/xt_iprange.h
  HDRINST usr/include/linux/netfilter/nfnetlink_compat.h
  HDRINST usr/include/linux/netfilter/xt_ipvs.h
  HDRINST usr/include/linux/netfilter/xt_CT.h
  HDRINST usr/include/linux/netfilter/xt_HMARK.h
  HDRINST usr/include/linux/netfilter/nfnetlink_log.h
  HDRINST usr/include/linux/netfilter/xt_nfacct.h
  HDRINST usr/include/linux/netfilter/xt_owner.h
  HDRINST usr/include/linux/netfilter/nfnetlink_osf.h
  HDRINST usr/include/linux/netfilter/xt_set.h
  HDRINST usr/include/linux/netfilter/xt_TCPMSS.h
  HDRINST usr/include/linux/netfilter/xt_cgroup.h
  HDRINST usr/include/linux/netfilter/nf_conntrack_sctp.h
  HDRINST usr/include/linux/netfilter/xt_time.h
  HDRINST usr/include/linux/netfilter/xt_AUDIT.h
  HDRINST usr/include/linux/netfilter/xt_LED.h
  HDRINST usr/include/linux/netfilter/xt_cpu.h
  HDRINST usr/include/linux/netfilter/xt_TPROXY.h
  HDRINST usr/include/linux/netfilter/xt_connlabel.h
  HDRINST usr/include/linux/netfilter/xt_comment.h
  HDRINST usr/include/linux/netfilter/x_tables.h
  HDRINST usr/include/linux/netfilter/xt_state.h
  HDRINST usr/include/linux/netfilter/xt_NFQUEUE.h
  HDRINST usr/include/linux/netfilter/nf_synproxy.h
  HDRINST usr/include/linux/netfilter/xt_mark.h
  HDRINST usr/include/linux/netfilter/xt_dscp.h
  HDRINST usr/include/linux/netfilter/nf_conntrack_ftp.h
  HDRINST usr/include/linux/netfilter/xt_SECMARK.h
  HDRINST usr/include/linux/netfilter/xt_u32.h
  HDRINST usr/include/linux/netfilter/xt_policy.h
  HDRINST usr/include/linux/netfilter/nf_log.h
  HDRINST usr/include/linux/netfilter/xt_helper.h
  HDRINST usr/include/linux/netfilter/nfnetlink_cttimeout.h
  HDRINST usr/include/linux/netfilter/nf_conntrack_tuple_common.h
  HDRINST usr/include/linux/netfilter/nfnetlink_conntrack.h
  HDRINST usr/include/linux/netfilter/xt_dccp.h
  HDRINST usr/include/linux/netfilter/xt_IDLETIMER.h
  HDRINST usr/include/linux/netfilter/xt_TCPOPTSTRIP.h
  HDRINST usr/include/linux/netfilter/xt_RATEEST.h
  HDRINST usr/include/linux/netfilter/xt_ipcomp.h
  HDRINST usr/include/linux/netfilter/nfnetlink_hook.h
  HDRINST usr/include/linux/netfilter/xt_l2tp.h
  HDRINST usr/include/linux/netfilter/xt_connmark.h
  HDRINST usr/include/linux/netfilter/xt_multiport.h
  HDRINST usr/include/linux/netfilter/xt_rpfilter.h
  HDRINST usr/include/linux/netfilter/xt_osf.h
  HDRINST usr/include/linux/netfilter/xt_addrtype.h
  HDRINST usr/include/linux/netfilter/xt_ecn.h
  HDRINST usr/include/linux/netfilter/xt_socket.h
  HDRINST usr/include/linux/netfilter/nf_tables_compat.h
  HDRINST usr/include/linux/netfilter/xt_string.h
  HDRINST usr/include/linux/netfilter/xt_NFLOG.h
  HDRINST usr/include/linux/netfilter/ipset/ip_set_list.h
  HDRINST usr/include/linux/netfilter/ipset/ip_set_hash.h
  HDRINST usr/include/linux/netfilter/ipset/ip_set_bitmap.h
  HDRINST usr/include/linux/netfilter/ipset/ip_set.h
  HDRINST usr/include/linux/netfilter/xt_SYNPROXY.h
  HDRINST usr/include/linux/netfilter/xt_LOG.h
  HDRINST usr/include/linux/netfilter/nfnetlink_acct.h
  HDRINST usr/include/linux/netfilter/xt_limit.h
  HDRINST usr/include/linux/netfilter/xt_quota.h
  HDRINST usr/include/linux/netfilter/nfnetlink_cthelper.h
  HDRINST usr/include/linux/netfilter/xt_pkttype.h
  HDRINST usr/include/linux/netfilter/xt_conntrack.h
  HDRINST usr/include/linux/netfilter/xt_hashlimit.h
  HDRINST usr/include/linux/gsmmux.h
  HDRINST usr/include/linux/fsmap.h
  HDRINST usr/include/linux/virtio_fs.h
  HDRINST usr/include/linux/ila.h
  HDRINST usr/include/linux/posix_types.h
  HDRINST usr/include/linux/fanotify.h
  HDRINST usr/include/linux/baycom.h
  HDRINST usr/include/linux/rds.h
  HDRINST usr/include/linux/stddef.h
  HDRINST usr/include/linux/virtio_net.h
  HDRINST usr/include/linux/netrom.h
  HDRINST usr/include/linux/netfilter_ipv6/ip6t_REJECT.h
  HDRINST usr/include/linux/netfilter_ipv6/ip6t_frag.h
  HDRINST usr/include/linux/netfilter_ipv6/ip6t_ah.h
  HDRINST usr/include/linux/netfilter_ipv6/ip6t_NPT.h
  HDRINST usr/include/linux/netfilter_ipv6/ip6t_HL.h
  HDRINST usr/include/linux/netfilter_ipv6/ip6t_rt.h
  HDRINST usr/include/linux/netfilter_ipv6/ip6t_hl.h
  HDRINST usr/include/linux/netfilter_ipv6/ip6t_ipv6header.h
  HDRINST usr/include/linux/netfilter_ipv6/ip6t_LOG.h
  HDRINST usr/include/linux/netfilter_ipv6/ip6t_mh.h
  HDRINST usr/include/linux/netfilter_ipv6/ip6_tables.h
  HDRINST usr/include/linux/netfilter_ipv6/ip6t_srh.h
  HDRINST usr/include/linux/netfilter_ipv6/ip6t_opts.h
  HDRINST usr/include/linux/can/netlink.h
  HDRINST usr/include/linux/can/isotp.h
  HDRINST usr/include/linux/can/vxcan.h
  HDRINST usr/include/linux/can/gw.h
  HDRINST usr/include/linux/can/raw.h
  HDRINST usr/include/linux/can/error.h
  HDRINST usr/include/linux/can/j1939.h
  HDRINST usr/include/linux/can/bcm.h
  HDRINST usr/include/linux/apm_bios.h
  HDRINST usr/include/linux/nsm.h
  HDRINST usr/include/linux/rpl.h
  HDRINST usr/include/linux/atmsvc.h
  HDRINST usr/include/linux/pfrut.h
  HDRINST usr/include/linux/virtio_balloon.h
  HDRINST usr/include/linux/virtio_rng.h
  HDRINST usr/include/linux/gpio.h
  HDRINST usr/include/linux/fd.h
  HDRINST usr/include/linux/nfs_mount.h
  HDRINST usr/include/linux/atmbr2684.h
  HDRINST usr/include/linux/rseq.h
  HDRINST usr/include/linux/if_link.h
  HDRINST usr/include/linux/ntsync.h
  HDRINST usr/include/linux/hdreg.h
  HDRINST usr/include/linux/vfio_ccw.h
  HDRINST usr/include/linux/wireless.h
  HDRINST usr/include/linux/atmdev.h
  HDRINST usr/include/linux/vfio.h
  HDRINST usr/include/linux/if_fddi.h
  HDRINST usr/include/linux/hw_breakpoint.h
  HDRINST usr/include/linux/netfilter_ipv4/ipt_ecn.h
  HDRINST usr/include/linux/netfilter_ipv4/ipt_ECN.h
  HDRINST usr/include/linux/netfilter_ipv4/ipt_LOG.h
  HDRINST usr/include/linux/netfilter_ipv4/ipt_ah.h
  HDRINST usr/include/linux/netfilter_ipv4/ip_tables.h
  HDRINST usr/include/linux/netfilter_ipv4/ipt_REJECT.h
  HDRINST usr/include/linux/netfilter_ipv4/ipt_TTL.h
  HDRINST usr/include/linux/netfilter_ipv4/ipt_ttl.h
  HDRINST usr/include/linux/netfilter_ipv4/ipt_CLUSTERIP.h
  HDRINST usr/include/linux/atm_nicstar.h
  HDRINST usr/include/linux/pidfd.h
  HDRINST usr/include/linux/mei_uuid.h
  HDRINST usr/include/linux/netfilter_arp.h
  HDRINST usr/include/linux/nl80211.h
  HDRINST usr/include/linux/iio/types.h
  HDRINST usr/include/linux/iio/buffer.h
  HDRINST usr/include/linux/iio/events.h
  HDRINST usr/include/linux/hsr_netlink.h
  HDRINST usr/include/linux/sunrpc/debug.h
  HDRINST usr/include/linux/ethtool_netlink.h
  HDRINST usr/include/linux/ext4.h
  HDRINST usr/include/linux/mii.h
  HDRINST usr/include/linux/if_eql.h
  HDRINST usr/include/linux/i2c-dev.h
  HDRINST usr/include/linux/agpgart.h
  HDRINST usr/include/linux/openat2.h
  HDRINST usr/include/linux/magic.h
  HDRINST usr/include/linux/kexec.h
  HDRINST usr/include/linux/vm_sockets.h
  HDRINST usr/include/linux/dm-log-userspace.h
  HDRINST usr/include/linux/cramfs_fs.h
  HDRINST usr/include/linux/rkisp1-config.h
  HDRINST usr/include/linux/a.out.h
  HDRINST usr/include/linux/io_uring/query.h
  HDRINST usr/include/linux/io_uring/mock_file.h
  HDRINST usr/include/linux/tty.h
  HDRINST usr/include/linux/pci.h
  HDRINST usr/include/linux/aspeed-lpc-ctrl.h
  HDRINST usr/include/linux/tipc.h
  HDRINST usr/include/linux/gen_stats.h
  HDRINST usr/include/linux/dlm_device.h
  HDRINST usr/include/linux/virtio_ring.h
  HDRINST usr/include/linux/lirc.h
  HDRINST usr/include/linux/android/binder.h
  HDRINST usr/include/linux/android/binder_netlink.h
  HDRINST usr/include/linux/android/binderfs.h
  HDRINST usr/include/linux/surface_aggregator/dtx.h
  HDRINST usr/include/linux/surface_aggregator/cdev.h
  HDRINST usr/include/linux/lp.h
  HDRINST usr/include/linux/vdpa.h
  HDRINST usr/include/linux/psp-sfs.h
  HDRINST usr/include/linux/string.h
  HDRINST usr/include/misc/xilinx_sdfec.h
  HDRINST usr/include/misc/amd-apml.h
  HDRINST usr/include/misc/fastrpc.h
  HDRINST usr/include/misc/pvpanic.h
  HDRINST usr/include/misc/uacce/uacce.h
  HDRINST usr/include/misc/uacce/hisi_qm.h
  HDRINST usr/include/misc/mrvl_cn10k_dpi.h
  HDRINST usr/include/misc/ocxl.h
  HDRINST usr/include/mtd/mtd-user.h
  HDRINST usr/include/mtd/mtd-abi.h
  HDRINST usr/include/mtd/ubi-user.h
  HDRINST usr/include/mtd/nftl-user.h
  HDRINST usr/include/mtd/inftl-user.h
  HDRINST usr/include/rdma/bnxt_re-abi.h
  HDRINST usr/include/rdma/mthca-abi.h
  HDRINST usr/include/rdma/rdma_user_ioctl.h
  HDRINST usr/include/rdma/irdma-abi.h
  HDRINST usr/include/rdma/hfi/hfi1_ioctl.h
  HDRINST usr/include/rdma/hfi/hfi1_user.h
  HDRINST usr/include/rdma/siw-abi.h
  HDRINST usr/include/rdma/erdma-abi.h
  HDRINST usr/include/rdma/ib_user_verbs.h
  HDRINST usr/include/rdma/ib_user_mad.h
  HDRINST usr/include/rdma/ocrdma-abi.h
  HDRINST usr/include/rdma/mlx5_user_ioctl_cmds.h
  HDRINST usr/include/rdma/mlx5-abi.h
  HDRINST usr/include/rdma/ib_user_ioctl_cmds.h
  HDRINST usr/include/rdma/qedr-abi.h
  HDRINST usr/include/rdma/rdma_user_rxe.h
  HDRINST usr/include/rdma/efa-abi.h
  HDRINST usr/include/rdma/mana-abi.h
  HDRINST usr/include/rdma/ionic-abi.h
  HDRINST usr/include/rdma/rdma_netlink.h
  HDRINST usr/include/rdma/mlx4-abi.h
  HDRINST usr/include/rdma/rdma_user_cm.h
  HDRINST usr/include/rdma/cxgb4-abi.h
  HDRINST usr/include/rdma/rdma_user_ioctl_cmds.h
  HDRINST usr/include/rdma/ib_user_ioctl_verbs.h
  HDRINST usr/include/rdma/hns-abi.h
  HDRINST usr/include/rdma/vmw_pvrdma-abi.h
  HDRINST usr/include/rdma/ib_user_sa.h
  HDRINST usr/include/rdma/rvt-abi.h
  HDRINST usr/include/rdma/mlx5_user_ioctl_verbs.h
  HDRINST usr/include/regulator/regulator.h
  HDRINST usr/include/scsi/scsi_netlink.h
  HDRINST usr/include/scsi/scsi_netlink_fc.h
  HDRINST usr/include/scsi/scsi_bsg_ufs.h
  HDRINST usr/include/scsi/fc/fc_ns.h
  HDRINST usr/include/scsi/fc/fc_gs.h
  HDRINST usr/include/scsi/fc/fc_fs.h
  HDRINST usr/include/scsi/fc/fc_els.h
  HDRINST usr/include/scsi/scsi_bsg_fc.h
  HDRINST usr/include/scsi/scsi_bsg_mpi3mr.h
  HDRINST usr/include/sound/tlv.h
  HDRINST usr/include/sound/skl-tplg-interface.h
  HDRINST usr/include/sound/sof/tokens.h
  HDRINST usr/include/sound/sof/fw.h
  HDRINST usr/include/sound/sof/header.h
  HDRINST usr/include/sound/sof/abi.h
  HDRINST usr/include/sound/asoc.h
  HDRINST usr/include/sound/intel/avs/tokens.h
  HDRINST usr/include/sound/usb_stream.h
  HDRINST usr/include/sound/asequencer.h
  HDRINST usr/include/sound/snd_ar_tokens.h
  HDRINST usr/include/sound/emu10k1.h
  HDRINST usr/include/sound/compress_params.h
  HDRINST usr/include/sound/fcp.h
  HDRINST usr/include/sound/sb16_csp.h
  HDRINST usr/include/sound/hdspm.h
  HDRINST usr/include/sound/firewire.h
  HDRINST usr/include/sound/snd_sst_tokens.h
  HDRINST usr/include/sound/scarlett2.h
  HDRINST usr/include/sound/hdsp.h
  HDRINST usr/include/sound/compress_offload.h
  HDRINST usr/include/sound/asound_fm.h
  HDRINST usr/include/sound/asound.h
  HDRINST usr/include/sound/sfnt_info.h
  HDRINST usr/include/video/sisfb.h
  HDRINST usr/include/video/uvesafb.h
  HDRINST usr/include/video/edid.h
  HDRINST usr/include/xen/evtchn.h
  HDRINST usr/include/xen/privcmd.h
  HDRINST usr/include/xen/gntdev.h
  HDRINST usr/include/xen/gntalloc.h
  HDRINST usr/include/linux/version.h
  HDRINST usr/include/asm/sigcontext.h
  HDRINST usr/include/asm/sgx.h
  HDRINST usr/include/asm/kvm_para.h
  HDRINST usr/include/asm/bootparam.h
  HDRINST usr/include/asm/ldt.h
  HDRINST usr/include/asm/mce.h
  HDRINST usr/include/asm/stat.h
  HDRINST usr/include/asm/siginfo.h
  HDRINST usr/include/asm/vm86.h
  HDRINST usr/include/asm/perf_regs.h
  HDRINST usr/include/asm/ptrace-abi.h
  HDRINST usr/include/asm/ucontext.h
  HDRINST usr/include/asm/vsyscall.h
  HDRINST usr/include/asm/kvm_perf.h
  HDRINST usr/include/asm/posix_types_x32.h
  HDRINST usr/include/asm/posix_types_64.h
  HDRINST usr/include/asm/msr.h
  HDRINST usr/include/asm/bitsperlong.h
  HDRINST usr/include/asm/processor-flags.h
  HDRINST usr/include/asm/msgbuf.h
  HDRINST usr/include/asm/prctl.h
  HDRINST usr/include/asm/auxvec.h
  HDRINST usr/include/asm/byteorder.h
  HDRINST usr/include/asm/hwcap2.h
  HDRINST usr/include/asm/mman.h
  HDRINST usr/include/asm/posix_types_32.h
  HDRINST usr/include/asm/setup.h
  HDRINST usr/include/asm/svm.h
  HDRINST usr/include/asm/vmx.h
  HDRINST usr/include/asm/elf.h
  HDRINST usr/include/asm/ptrace.h
  HDRINST usr/include/asm/kvm.h
  HDRINST usr/include/asm/signal.h
  HDRINST usr/include/asm/sembuf.h
  HDRINST usr/include/asm/amd_hsmp.h
  HDRINST usr/include/asm/statfs.h
  HDRINST usr/include/asm/mtrr.h
  HDRINST usr/include/asm/swab.h
  HDRINST usr/include/asm/sigcontext32.h
  HDRINST usr/include/asm/unistd.h
  HDRINST usr/include/asm/e820.h
  HDRINST usr/include/asm/posix_types.h
  HDRINST usr/include/asm/debugreg.h
  HDRINST usr/include/asm/boot.h
  HDRINST usr/include/asm/ist.h
  HDRINST usr/include/asm/hw_breakpoint.h
  HDRINST usr/include/asm/shmbuf.h
  HDRINST usr/include/asm/setup_data.h
  HDRINST usr/include/asm/a.out.h
  HDRINST usr/include/asm/bpf_perf_event.h
  HDRINST usr/include/asm/socket.h
  HDRINST usr/include/asm/ipcbuf.h
  HDRINST usr/include/asm/types.h
  HDRINST usr/include/asm/fcntl.h
  HDRINST usr/include/asm/ioctl.h
  HDRINST usr/include/asm/unistd_32.h
  HDRINST usr/include/asm/ioctls.h
  HDRINST usr/include/asm/sockios.h
  HDRINST usr/include/asm/unistd_64.h
  HDRINST usr/include/asm/unistd_x32.h
  HDRINST usr/include/asm/poll.h
  HDRINST usr/include/asm/errno.h
  HDRINST usr/include/asm/termios.h
  HDRINST usr/include/asm/param.h
  HDRINST usr/include/asm/resource.h
  HDRINST usr/include/asm/termbits.h
  UPD     include/generated/asm-offsets.h
  CC      kernel/sched/rq-offsets.s
  UPD     include/generated/rq-offsets.h
  CALL    scripts/checksyscalls.sh
  LD      /root/kbuild-618/linux-6.18.35/tools/objtool/objtool-in.o
  LINK    /root/kbuild-618/linux-6.18.35/tools/objtool/objtool
  LDS     scripts/module.lds
  CC      init/main.o
  HOSTCC  usr/gen_init_cpio
  CC      certs/system_keyring.o
  CC      ipc/compat.o
  CC      mm/filemap.o
  CC      fs/open.o
  CC      io_uring/io_uring.o
  CC      block/bdev.o
  AS      arch/x86/lib/bhi.o
  AS      arch/x86/boot/startup/efi-mixed.o
  CC      lib/argv_split.o
  CC      security/keys/gc.o
  CC      kernel/fork.o
  AR      drivers/cache/built-in.a
  AS      arch/x86/boot/startup/la57toggle.o
  AS      arch/x86/lib/clear_page_64.o
  CC      drivers/irqchip/irq-msi-lib.o
  CC      crypto/api.o
  CC      arch/x86/boot/startup/gdt_idt.o
  GEN     usr/initramfs_data.cpio
  COPY    usr/initramfs_inc_data
  AS      usr/initramfs_data.o
  AR      usr/built-in.a
  CC      arch/x86/boot/startup/map_kernel.o
  CC      security/commoncap.o
  CC      arch/x86/lib/cmdline.o
  CC      arch/x86/boot/startup/sme.o
  CC      ipc/util.o
  CC      lib/bug.o
  AS      arch/x86/lib/cmpxchg16b_emu.o
  CC      arch/x86/lib/copy_mc.o
  HOSTCC  certs/extract-cert
  CC      security/keys/key.o
  AR      drivers/irqchip/built-in.a
  AR      drivers/bus/mhi/built-in.a
  CC [M]  drivers/bus/mhi/host/init.o
  COPY    certs/x509.genkey
  CC      certs/blacklist.o
  CC      arch/x86/boot/startup/sev-startup.o
  CC      lib/buildid.o
  AS      arch/x86/lib/copy_mc_64.o
  CC      crypto/cipher.o
  AS      arch/x86/lib/copy_page_64.o
  CC      block/fops.o
  CC      ipc/msgutil.o
  CC      security/lsm_syscalls.o
  AS      arch/x86/lib/copy_user_64.o
  GEN     certs/blacklist_hash_list
  CERT    certs/x509_certificate_list
  GENKEY  certs/signing_key.pem
.+.................+...+.......+..+++++++++++++++++++++++++++++++++++++++++++++*...+.+..............+.+++++++++++++++++++++++++++++++++++++++++++++*.+.+.....+.............+  CC      lib/clz_tab.o
...+........+......+.+.........+...+...........+  AR      arch/x86/boot/startup/lib.a
.......+...+  CC      lib/cmdline.o
......+...+..+..................+  OBJCOPY arch/x86/boot/startup/gdt_idt.pi.o
......+  OBJCOPY arch/x86/boot/startup/map_kernel.pi.o
....+..+  OBJCOPY arch/x86/boot/startup/sme.pi.o
.+..+......+  OBJCOPY arch/x86/boot/startup/sev-startup.pi.o
....+  AR      arch/x86/boot/startup/built-in.a
........+...+....+......+.........+.....+.+......+  CC      arch/x86/coco/core.o
.........+..+.........+.+...+............+...+.....+......+......+.............+............+..+.+...........+....+.....+.+...........+.........+.+....................+...+.+......+.........+...+..+......+............+.+.........+...........+....+........+...+.+.  CC      fs/read_write.o
.....+..+  UPD     init/utsversion-tmp.h
.......+.....+  CC      init/do_mounts.o
...+..........+............+...........+...+......+.+.........+...+........+....+.........+.........+  AS      arch/x86/lib/copy_user_uncached_64.o
............+.....+.+...+.....+....+...............+...+..............+...+..........+...........+...............+......+...+............+.+........+....+  CC      security/keys/keyring.o
...+.....+...+...................+..+....+...........................+...+.....+....+......+.....+......+...+..........+............+.....+....+...........+.+.........+........+......+...............+...............+..........+  CC      lib/cpumask.o
......+........+................+.........+......+......+...........+.......+...+.........+...+.................+.+.....+....  CC      crypto/algapi.o
+...........+.......+  CC      ipc/msg.o
...+............+...+..+.+.........+....................+.+..............+.+............+..+...+............+.............+.....+...+.........+.+.........+..+  CC      kernel/exec_domain.o
....+.....+....+.  CC      arch/x86/coco/tdx/debug.o
....+.............+...+.....+.+......+  CC      block/bio.o
...+...........+......+...+....+..+.............+...+....................+...+.+........+...+.........+...............+......+..........+.........+.....+.........+....+...+...+..+....+...+.....+.............+........+......+...+.............+........+......+.+.................................+......+...........+...+............+...+.+...+..+..........+  CC      arch/x86/lib/cpu.o
........+...+...+....+...+.....+...+.+...+.................+...+...+.........+...+.+......+.........+............+...+...........+...+.+.....+.+...........+......................+...+.................+...+..........+..+.+......+...+..+.+...........................+...............+.....................+......+.....+.........+....+......+...............+............+.....+...+.......+.....+....+...+........+...+............+....+...+.....+...+............+.+......+.........+.....+.......+.....+.......+.....+...+......................+...+...+..+.........+...+.......+......+........................+......+.....+...+....+...+...............+........+  AS      arch/x86/coco/tdx/tdcall.o
......+...............+...+.+............+  CC      io_uring/opdef.o
...+..+....+.....+...............+..........+...+...+..+.......+  CC      arch/x86/coco/tdx/tdx.o
......+........+....+..+...+.+...........+..........+...........+............+..................+...............+....+.....+.+............+...............+..+++++
...........+...+.+..+...+....+...+...+.........+++++++++++++++++++++++++++++++++++++++++++++*..+..+.+.....+..........+..+....+++++++++++++++++++++++++++++++++++++++++++++*..+............+...+++++
-----
  CC      certs/blacklist_hashes.o
  CC [M]  drivers/bus/mhi/host/main.o
  CERT    certs/signing_key.x509
  AS      certs/system_certificates.o
  AR      certs/built-in.a
  AS      arch/x86/lib/csum-copy_64.o
  CC      mm/mempool.o
  CC      kernel/panic.o
  CC      init/do_mounts_initrd.o
  CC      lib/ctype.o
  CC      lib/dec_and_lock.o
  CC      arch/x86/lib/csum-partial_64.o
  CC      ipc/sem.o
  CC      mm/oom_kill.o
  CC      io_uring/kbuf.o
  CC      arch/x86/lib/csum-wrappers_64.o
  CC      lib/decompress.o
  CC      lib/decompress_bunzip2.o
  CC      security/keys/keyctl.o
  CC      arch/x86/lib/delay.o
  CC      init/initramfs.o
  CC      crypto/scatterwalk.o
  CC      security/min_addr.o
  CC [M]  drivers/bus/mhi/host/pm.o
  CC      fs/file_table.o
  CC      kernel/cpu.o
  CC      arch/x86/coco/tdx/tdx-shared.o
  AS      arch/x86/lib/getuser.o
  CC      lib/decompress_inflate.o
  CC      io_uring/rsrc.o
  CC      block/elevator.o
  AR      arch/x86/coco/tdx/built-in.a
  CC      arch/x86/coco/sev/core.o
  CC      arch/x86/coco/sev/noinstr.o
  GEN     arch/x86/lib/inat-tables.c
  CC      arch/x86/lib/insn-eval.o
  CC      arch/x86/lib/insn.o
  CC      lib/decompress_unlz4.o
  CC      security/keys/permission.o
  CC      crypto/proc.o
  CC      lib/decompress_unlzma.o
  CC      init/calibrate.o
  CC      ipc/shm.o
  CC      mm/fadvise.o
  CC      mm/maccess.o
  CC      init/init_task.o
  CC      arch/x86/lib/kaslr.o
  CC      crypto/aead.o
  CC      fs/super.o
  CC      ipc/syscall.o
  CC      lib/decompress_unlzo.o
  CC [M]  drivers/bus/mhi/host/boot.o
  AS      arch/x86/lib/memcpy_64.o
  CC      block/blk-core.o
  CC      security/keys/process_keys.o
  AS      arch/x86/lib/memmove_64.o
  CC      lib/decompress_unxz.o
  CC      io_uring/notif.o
  AS      arch/x86/lib/memset_64.o
  CC      ipc/ipc_sysctl.o
  CC      arch/x86/lib/misc.o
  CC      arch/x86/coco/sev/vc-handle.o
  CC      mm/page-writeback.o
  CC      init/version.o
  CC      kernel/exit.o
  CC      arch/x86/lib/pc-conf-reg.o
  CC      mm/folio-compat.o
  AS      arch/x86/lib/putuser.o
  CC      ipc/mqueue.o
  CC      lib/decompress_unzstd.o
  CC      crypto/lskcipher.o
  CC      fs/char_dev.o
  AS      arch/x86/lib/retpoline.o
  CC [M]  drivers/bus/mhi/host/pci_generic.o
  CC      io_uring/tctx.o
  CC      lib/dump_stack.o
  AR      init/built-in.a
  CC      lib/earlycpio.o
  CC      arch/x86/lib/usercopy.o
  CC      security/keys/request_key.o
  CC      kernel/softirq.o
  AR      arch/x86/coco/sev/built-in.a
  AR      arch/x86/coco/built-in.a
  AS      arch/x86/entry/entry.o
  CC      mm/readahead.o
  CC      crypto/skcipher.o
  CC      io_uring/filetable.o
  LD [M]  drivers/bus/mhi/host/mhi.o
  LD [M]  drivers/bus/mhi/host/mhi_pci_generic.o
  CC      fs/stat.o
  CC      arch/x86/lib/usercopy_64.o
  AS      arch/x86/entry/entry_64.o
  AR      drivers/bus/built-in.a
  CC      drivers/phy/phy-core.o
  CC      arch/x86/lib/msr-smp.o
  CC      ipc/namespace.o
  CC      lib/extable.o
  CC      block/blk-sysfs.o
  CC      arch/x86/entry/syscall_64.o
  CC      io_uring/rw.o
  CC      security/security.o
  CC      fs/exec.o
  CC      security/keys/request_key_auth.o
  CC      lib/flex_proportions.o
  CC      arch/x86/entry/vdso/vma.o
  CC      arch/x86/lib/cache-smp.o
  CC      ipc/mq_sysctl.o
  CC      kernel/resource.o
  CC      lib/idr.o
  CC      crypto/bpf_crypto_skcipher.o
  CC      mm/swap.o
  AR      ipc/built-in.a
  CC      block/blk-flush.o
  CC      fs/pipe.o
  CC      arch/x86/lib/msr.o
  CC      security/keys/user_defined.o
  AR      drivers/phy/allwinner/built-in.a
  AR      drivers/phy/amlogic/built-in.a
  AR      drivers/phy/broadcom/built-in.a
  AR      drivers/phy/cadence/built-in.a
  AR      drivers/phy/freescale/built-in.a
  AR      drivers/phy/hisilicon/built-in.a
  AR      drivers/phy/ingenic/built-in.a
  AR      drivers/phy/intel/built-in.a
  AR      drivers/phy/lantiq/built-in.a
  CC      fs/namei.o
  AR      drivers/phy/marvell/built-in.a
  AR      drivers/phy/mediatek/built-in.a
  CC      arch/x86/entry/vdso/extable.o
  CC      fs/fcntl.o
  AR      drivers/phy/microchip/built-in.a
  AR      drivers/phy/motorola/built-in.a
  AR      drivers/phy/mscc/built-in.a
  AR      drivers/phy/nuvoton/built-in.a
  AR      drivers/phy/qualcomm/built-in.a
  CC      io_uring/poll.o
  AR      drivers/phy/ralink/built-in.a
  AR      drivers/phy/realtek/built-in.a
  AR      drivers/phy/renesas/built-in.a
  CC      crypto/ahash.o
  AR      drivers/phy/rockchip/built-in.a
  AR      drivers/phy/samsung/built-in.a
  AR      drivers/phy/socionext/built-in.a
  AR      drivers/phy/sophgo/built-in.a
  AR      drivers/phy/st/built-in.a
  AR      drivers/phy/starfive/built-in.a
  AR      drivers/phy/sunplus/built-in.a
  AR      drivers/phy/tegra/built-in.a
  AR      drivers/phy/ti/built-in.a
  CC      lib/iomem_copy.o
  AR      drivers/phy/xilinx/built-in.a
  AR      drivers/phy/built-in.a
  CC      drivers/pinctrl/core.o
  CC      lib/irq_regs.o
  LDS     arch/x86/entry/vdso/vdso.lds
  CC      security/keys/compat.o
  AS      arch/x86/entry/vdso/vdso-note.o
  CC      arch/x86/entry/vdso/vclock_gettime.o
  CC      block/blk-settings.o
  CC      lib/is_single_threaded.o
  AS      arch/x86/lib/msr-reg.o
  CC      arch/x86/lib/msr-reg-export.o
  CC      kernel/sysctl.o
  CC      arch/x86/entry/vdso/vgetcpu.o
  CC      block/blk-ioc.o
  CC      arch/x86/entry/vdso/vgetrandom.o
  CC      security/keys/compat_dh.o
  CC      lib/klist.o
  CC      io_uring/eventfd.o
  AS      arch/x86/lib/hweight.o
  CC      security/inode.o
  CC      arch/x86/events/core.o
  AS      arch/x86/entry/vdso/vgetrandom-chacha.o
  AS      arch/x86/entry/vdso/vsgx.o
  HOSTCC  arch/x86/entry/vdso/vdso2c
  CC      mm/truncate.o
  CC      crypto/shash.o
  CC      security/keys/proc.o
  CC      arch/x86/lib/iomem.o
  CC      lib/kobject.o
  LDS     arch/x86/entry/vdso/vdsox32.lds
  X32     arch/x86/entry/vdso/vdso-note-x32.o
  X32     arch/x86/entry/vdso/vclock_gettime-x32.o
  CC      drivers/pinctrl/pinctrl-utils.o
  X32     arch/x86/entry/vdso/vgetcpu-x32.o
  X32     arch/x86/entry/vdso/vgetrandom-x32.o
  X32     arch/x86/entry/vdso/vgetrandom-chacha-x32.o
  X32     arch/x86/entry/vdso/vsgx-x32.o
  LDS     arch/x86/entry/vdso/vdso32/vdso32.lds
  AS      arch/x86/entry/vdso/vdso32/note.o
  AS      arch/x86/entry/vdso/vdso32/system_call.o
  AS      arch/x86/entry/vdso/vdso32/sigreturn.o
  CC      io_uring/uring_cmd.o
  CC      arch/x86/entry/vdso/vdso32/vclock_gettime.o
  CC      arch/x86/events/probe.o
  CC      security/keys/sysctl.o
  CC      block/blk-map.o
  CC      arch/x86/xen/enlighten.o
  CC      kernel/capability.o
  CC      arch/x86/lib/inat.o
  CC      arch/x86/entry/vdso/vdso32/vgetcpu.o
  CC      arch/x86/entry/vdso/vdso32-setup.o
  AR      arch/x86/lib/built-in.a
  AR      arch/x86/lib/lib.a
  CC      arch/x86/entry/vsyscall/vsyscall_64.o
  CC      lib/kobject_uevent.o
  CC      security/keys/persistent.o
  CC      drivers/pinctrl/pinmux.o
  AS      arch/x86/entry/vsyscall/vsyscall_emu_64.o
  CC      crypto/akcipher.o
  CC      fs/ioctl.o
  VDSO    arch/x86/entry/vdso/vdso64.so.dbg
  VDSO    arch/x86/entry/vdso/vdsox32.so.dbg
  CC      mm/vmscan.o
  VDSO    arch/x86/entry/vdso/vdso32.so.dbg
  OBJCOPY arch/x86/entry/vdso/vdso64.so
  OBJCOPY arch/x86/entry/vdso/vdsox32.so
  OBJCOPY arch/x86/entry/vdso/vdso32.so
  VDSO2C  arch/x86/entry/vdso/vdso-image-64.c
  VDSO2C  arch/x86/entry/vdso/vdso-image-x32.c
  VDSO2C  arch/x86/entry/vdso/vdso-image-32.c
  CC      arch/x86/entry/vdso/vdso-image-64.o
  CC      io_uring/openclose.o
  CC      security/keys/dh.o
  CC      arch/x86/entry/vdso/vdso-image-x32.o
  CC      drivers/pinctrl/pinconf.o
  AR      arch/x86/entry/vsyscall/built-in.a
  HOSTCC  security/selinux/genheaders
  AR      sound/built-in.a
  CC [M]  sound/sound_core.o
  CC      arch/x86/events/utils.o
  CC      block/blk-merge.o
  CC      arch/x86/xen/mmu.o
  CC      arch/x86/entry/vdso/vdso-image-32.o
  GEN     security/selinux/flask.h security/selinux/av_permissions.h
  CC      security/selinux/avc.o
  CC      kernel/ptrace.o
  AR      arch/x86/entry/vdso/built-in.a
  CC      security/keys/keyctl_pkey.o
  AS      arch/x86/entry/thunk.o
  CC      drivers/pinctrl/pinconf-generic.o
  CC      crypto/sig.o
  CC      io_uring/sqpoll.o
  CC      lib/logic_pio.o
  CC      arch/x86/events/amd/core.o
  AS      arch/x86/entry/entry_64_fred.o
  CC      fs/readdir.o
  CC      security/keys/encrypted-keys/encrypted.o
  CC [M]  sound/ac97_bus.o
  CC      arch/x86/entry/entry_fred.o
  CC      arch/x86/xen/time.o
  CC      lib/maple_tree.o
  CC      drivers/pinctrl/pinctrl-amd.o
  CC      security/selinux/hooks.o
  CC      io_uring/xattr.o
  CC      crypto/kpp.o
  CC      block/blk-timeout.o
  CC [M]  sound/core/sound.o
  AS      arch/x86/entry/entry_64_compat.o
  CC      arch/x86/entry/syscall_32.o
  CC      kernel/user.o
  CC      arch/x86/xen/grant-table.o
  CC      fs/select.o
  CC      arch/x86/events/amd/lbr.o
  AR      drivers/pinctrl/actions/built-in.a
  AR      drivers/pinctrl/bcm/built-in.a
  AR      drivers/pinctrl/cirrus/built-in.a
  CC [M]  drivers/pinctrl/cirrus/pinctrl-cs42l43.o
  CC      security/keys/encrypted-keys/ecryptfs_format.o
  CC      io_uring/nop.o
  CC      arch/x86/xen/suspend.o
  AR      security/keys/encrypted-keys/built-in.a
  AR      security/keys/built-in.a
  CC      kernel/signal.o
  CC      block/blk-lib.o
  CC [M]  sound/core/init.o
  AR      drivers/pinctrl/freescale/built-in.a
  CC      drivers/gpio/gpiolib.o
  CC      crypto/dh.o
  AR      arch/x86/entry/built-in.a
  CC      arch/x86/events/amd/ibs.o
  CC      io_uring/fs.o
  CC      drivers/pwm/core.o
  CC      arch/x86/xen/enlighten_hvm.o
  CC      drivers/pinctrl/intel/pinctrl-baytrail.o
  CC      drivers/pinctrl/intel/pinctrl-cherryview.o
  CC      crypto/dh_helper.o
  CC      io_uring/splice.o
  CC      block/blk-mq.o
  CC [M]  sound/core/memory.o
  CC      drivers/gpio/gpiolib-devres.o
  ASN.1   crypto/rsapubkey.asn1.[ch]
  ASN.1   crypto/rsaprivkey.asn1.[ch]
  CC      crypto/rsa.o
  CC      drivers/pinctrl/intel/pinctrl-intel.o
  CC      io_uring/sync.o
  CC      fs/dcache.o
  CC      arch/x86/xen/mmu_hvm.o
  CC      arch/x86/events/amd/uncore.o
  CC      security/selinux/selinuxfs.o
  CC      crypto/rsa_helper.o
  CC [M]  sound/core/control.o
  CC      io_uring/msg_ring.o
  CC      arch/x86/xen/suspend_hvm.o
  CC      mm/shrinker.o
  CC      drivers/pwm/pwm-crc.o
  CC      drivers/leds/led-core.o
  CC      crypto/rsa-pkcs1pad.o
  CC      arch/x86/events/amd/iommu.o
  CC      arch/x86/xen/platform-pci-unplug.o
  CC [M]  drivers/pwm/pwm-cros-ec.o
  CC      drivers/pinctrl/intel/pinctrl-broxton.o
  CC      kernel/sys.o
  CC      io_uring/advise.o
  CC      lib/memcat_p.o
  CC      drivers/gpio/gpiolib-legacy.o
  CC      crypto/rsassa-pkcs1.o
  CC      drivers/pinctrl/intel/pinctrl-cannonlake.o
  CC [M]  arch/x86/events/amd/power.o
  CC [M]  drivers/pwm/pwm-lpss.o
  CC      security/selinux/netlink.o
  CC      drivers/leds/led-class.o
  CC      mm/shmem.o
  CC      io_uring/statx.o
  CC      arch/x86/xen/setup.o
  CC      lib/min_heap.o
  CC      fs/inode.o
  CC      crypto/ecdsa.o
  CC      drivers/pinctrl/intel/pinctrl-cedarfork.o
  CC      drivers/gpio/gpiolib-cdev.o
  CC [M]  sound/core/misc.o
  AR      arch/x86/events/amd/built-in.a
  CC      arch/x86/events/msr.o
  CC      security/selinux/nlmsgtab.o
  CC      lib/nmi_backtrace.o
  ASN.1   crypto/ecdsasignature.asn1.[ch]
  CC      crypto/ecdsa-p1363.o
  CC      io_uring/timeout.o
  CC      drivers/pinctrl/intel/pinctrl-denverton.o
  CC [M]  drivers/pwm/pwm-lpss-platform.o
  CC      block/blk-mq-tag.o
  CC      drivers/leds/led-triggers.o
  CC      arch/x86/xen/apic.o
  CC      crypto/ecdsasignature.asn1.o
  CC      lib/objpool.o
  CC      drivers/pinctrl/intel/pinctrl-geminilake.o
  CC      arch/x86/events/intel/core.o
  CC      crypto/acompress.o
  AR      drivers/pwm/built-in.a
  CC      arch/x86/events/intel/bts.o
  CC      security/selinux/netif.o
  CC [M]  sound/core/device.o
  CC      io_uring/cancel.o
  CC      arch/x86/xen/pmu.o
  CC      drivers/pinctrl/intel/pinctrl-icelake.o
  CC      drivers/gpio/gpiolib-sysfs.o
  CC      kernel/umh.o
  CC      drivers/leds/trigger/ledtrig-disk.o
  CC      lib/plist.o
  CC      lib/radix-tree.o
  CC      mm/util.o
  CC      drivers/pinctrl/intel/pinctrl-lewisburg.o
  CC      block/blk-mq-dma.o
  CC      io_uring/waitid.o
  CC [M]  sound/core/info.o
  CC      security/selinux/netnode.o
  CC      arch/x86/xen/suspend_pv.o
  CC      fs/attr.o
  CC      crypto/scompress.o
  CC      drivers/pinctrl/intel/pinctrl-sunrisepoint.o
  CC      drivers/leds/trigger/ledtrig-mtd.o
  CC      io_uring/register.o
  CC      drivers/gpio/gpiolib-acpi-core.o
  CC      arch/x86/xen/p2m.o
  CC      kernel/workqueue.o
  CC      drivers/pinctrl/intel/pinctrl-tigerlake.o
  CC      lib/ratelimit.o
  CC      drivers/leds/trigger/ledtrig-cpu.o
  CC      security/selinux/netport.o
  CC      block/blk-stat.o
  CC [M]  sound/core/info_oss.o
  CC [M]  sound/core/isadma.o
  CC      lib/rbtree.o
  CC [M]  drivers/pinctrl/intel/pinctrl-intel-platform.o
  CC      mm/mmzone.o
  CC      fs/bad_inode.o
  CC      crypto/algboss.o
  CC      arch/x86/events/intel/ds.o
  CC      drivers/leds/trigger/ledtrig-panic.o
  CC      security/selinux/status.o
  CC [M]  drivers/pinctrl/intel/pinctrl-alderlake.o
  CC      mm/vmstat.o
  CC      lib/seq_buf.o
  CC      drivers/gpio/gpiolib-acpi-quirks.o
  CC      io_uring/truncate.o
  CC      io_uring/memmap.o
  CC      block/blk-mq-sysfs.o
  CC [M]  sound/core/sound_oss.o
  CC      arch/x86/xen/enlighten_pv.o
  CC [M]  drivers/leds/trigger/ledtrig-timer.o
  CC      fs/file.o
  CC      crypto/testmgr.o
  CC [M]  drivers/pinctrl/intel/pinctrl-elkhartlake.o
  CC      drivers/gpio/gpiolib-swnode.o
  CC      block/blk-mq-cpumap.o
  CC      security/selinux/ss/ebitmap.o
  CC      arch/x86/xen/mmu_pv.o
  CC      io_uring/alloc_cache.o
  CC [M]  drivers/leds/trigger/ledtrig-oneshot.o
  CC [M]  drivers/pinctrl/intel/pinctrl-emmitsburg.o
  CC [M]  sound/core/vmaster.o
  CC      lib/siphash.o
  CC      arch/x86/events/intel/knc.o
  CC      io_uring/query.o
  CC      crypto/hmac.o
  CC [M]  drivers/leds/trigger/ledtrig-heartbeat.o
  CC [M]  drivers/pinctrl/intel/pinctrl-jasperlake.o
  AR      drivers/leds/blink/built-in.a
  CC [M]  drivers/pinctrl/intel/pinctrl-lakefield.o
  CC [M]  drivers/gpio/gpio-regmap.o
  CC      security/selinux/ss/hashtab.o
  CC      mm/backing-dev.o
  CC      block/blk-mq-sched.o
  CC      lib/string.o
  CC [M]  drivers/leds/trigger/ledtrig-backlight.o
  CC      net/devres.o
  CC      arch/x86/events/intel/lbr.o
  CC      io_uring/zcrx.o
  CC      crypto/md5.o
  CC [M]  sound/core/ctljack.o
  CC [M]  drivers/pinctrl/intel/pinctrl-meteorlake.o
  CC      security/selinux/ss/symtab.o
  CC      lib/sys_info.o
  CC      fs/filesystems.o
  CC      security/selinux/ss/sidtab.o
  CC [M]  drivers/pinctrl/intel/pinctrl-meteorpoint.o
  CC [M]  sound/core/jack.o
  CC [M]  drivers/gpio/gpio-mmio.o
  CC      kernel/pid.o
  CC      lib/timerqueue.o
  CC [M]  drivers/leds/trigger/ledtrig-gpio.o
  CC      crypto/sha1.o
  CC      net/socket.o
  CC [M]  drivers/leds/trigger/ledtrig-activity.o
  CC      lib/union_find.o
  CC      block/ioctl.o
  AR      drivers/pinctrl/intel/built-in.a
  CC      lib/vsprintf.o
  CC      arch/x86/xen/irq.o
  AR      drivers/pinctrl/mediatek/built-in.a
  AR      drivers/pinctrl/mvebu/built-in.a
  AR      drivers/pinctrl/nomadik/built-in.a
  AR      drivers/pinctrl/nuvoton/built-in.a
  AR      drivers/pinctrl/nxp/built-in.a
  CC      mm/mm_init.o
  AR      drivers/pinctrl/qcom/built-in.a
  AR      drivers/pinctrl/sophgo/built-in.a
  AR      drivers/pinctrl/spacemit/built-in.a
  AR      drivers/pinctrl/sprd/built-in.a
  CC      security/selinux/ss/avtab.o
  CC      io_uring/io-wq.o
  AR      drivers/pinctrl/starfive/built-in.a
  CC      arch/x86/events/intel/p4.o
  AR      drivers/pinctrl/sunplus/built-in.a
  CC      fs/namespace.o
  AR      drivers/pinctrl/ti/built-in.a
  AR      drivers/pinctrl/built-in.a
  CC [M]  sound/core/control_led.o
  CC [M]  drivers/gpio/gpio-amd-fch.o
  CC [M]  drivers/leds/trigger/ledtrig-default-on.o
  CC      mm/percpu.o
  CC      arch/x86/xen/multicalls.o
  CC      crypto/sha256.o
  CC [M]  drivers/gpio/gpio-amdpt.o
  CC [M]  drivers/leds/trigger/ledtrig-transient.o
  CC [M]  sound/core/hwdep.o
  CC      arch/x86/events/intel/p6.o
  CC      security/selinux/ss/policydb.o
  AS      arch/x86/xen/xen-asm.o
  CC      arch/x86/xen/enlighten_pvh.o
  CC      block/genhd.o
  CC      kernel/task_work.o
  CC      io_uring/futex.o
  CC [M]  drivers/gpio/gpio-exar.o
  CC [M]  drivers/leds/trigger/ledtrig-camera.o
  CC      crypto/sha512.o
  CC      arch/x86/events/intel/pt.o
  CC      kernel/extable.o
  CC      fs/seq_file.o
  CC [M]  sound/core/timer.o
  CC [M]  drivers/gpio/gpio-f7188x.o
  CC      io_uring/epoll.o
  CC [M]  drivers/leds/trigger/ledtrig-netdev.o
  CC      arch/x86/xen/trace.o
  CC      kernel/params.o
  CC      crypto/sha3_generic.o
  CC [M]  drivers/gpio/gpio-idio-16.o
  CC      io_uring/napi.o
  CC      block/ioprio.o
  CC      net/core/sock.o
  CC      lib/win_minmax.o
  CC      security/selinux/ss/services.o
  CC      mm/slab_common.o
  AR      drivers/leds/simatic/built-in.a
  CC [M]  drivers/leds/trigger/ledtrig-pattern.o
  CC [M]  drivers/leds/simatic/simatic-ipc-leds.o
  CC [M]  arch/x86/events/intel/uncore.o
  CC      block/badblocks.o
  CC [M]  drivers/gpio/gpio-kempld.o
  CC      lib/xarray.o
  CC      crypto/ecb.o
  CC [M]  sound/core/hrtimer.o
  CC [M]  drivers/leds/simatic/simatic-ipc-leds-gpio-core.o
  CC      fs/xattr.o
  CC      io_uring/net.o
  AR      drivers/leds/trigger/built-in.a
  CC [M]  drivers/gpio/gpio-ljca.o
  CC      arch/x86/xen/smp.o
  CC      kernel/kthread.o
  CC      arch/x86/events/zhaoxin/core.o
  CC [M]  sound/core/pcm.o
  CC      crypto/cbc.o
  CC      arch/x86/xen/smp_pv.o
  CC [M]  drivers/gpio/gpio-ml-ioh.o
  CC [M]  drivers/leds/simatic/simatic-ipc-leds-gpio-apollolake.o
  CC [M]  arch/x86/events/intel/uncore_nhmex.o
  CC      block/partitions/core.o
  CC      crypto/ctr.o
  AR      arch/x86/events/zhaoxin/built-in.a
  CC [M]  drivers/gpio/gpio-pcie-idio-24.o
  CC [M]  drivers/leds/simatic/simatic-ipc-leds-gpio-f7188x.o
  CC      lib/lockref.o
  CC      mm/compaction.o
  CC      security/selinux/ss/conditional.o
  CC      io_uring/cmd_net.o
  CC      arch/x86/xen/smp_hvm.o
  CC      crypto/aes_generic.o
  CC [M]  sound/core/pcm_native.o
  CC [M]  drivers/leds/simatic/simatic-ipc-leds-gpio-elkhartlake.o
  CC      fs/libfs.o
  CC      lib/bcd.o
  CC [M]  drivers/gpio/gpio-pci-idio-16.o
  CC      kernel/sys_ni.o
  CC      lib/sort.o
  CC [M]  arch/x86/events/intel/uncore_snb.o
  CC      block/partitions/acorn.o
  CC      crypto/lzo.o
  CC      arch/x86/xen/spinlock.o
  CC [M]  drivers/leds/led-class-multicolor.o
  CC      kernel/nsproxy.o
  CC [M]  drivers/gpio/gpio-viperboard.o
  CC      lib/parser.o
  CC      security/selinux/ss/mls.o
  CC      block/partitions/amiga.o
  CC      security/selinux/ss/context.o
  CC      net/core/request_sock.o
  CC [M]  arch/x86/events/intel/uncore_snbep.o
  CC      crypto/lzo-rle.o
  CC      arch/x86/xen/vga.o
  CC [M]  drivers/gpio/gpio-wcove.o
  CC      lib/debug_locks.o
  CC      io_uring/fdinfo.o
  CC [M]  drivers/leds/leds-apu.o
  CC      kernel/nstree.o
  CC      crypto/rng.o
  CC      arch/x86/xen/efi.o
  CC      block/partitions/atari.o
  CC      arch/x86/platform/pvh/enlighten.o
  CC      lib/random32.o
  CC      security/selinux/xfrm.o
  CC      net/core/skbuff.o
  CC [M]  drivers/leds/leds-bd2802.o
  CC      fs/fs-writeback.o
  AR      drivers/gpio/built-in.a
  LD [M]  drivers/gpio/gpio-generic.o
  CC [M]  sound/i2c/cs8427.o
  AR      io_uring/built-in.a
  CC [M]  arch/x86/events/rapl.o
  CC      mm/show_mem.o
  AR      arch/x86/xen/built-in.a
  AS      arch/x86/platform/pvh/head.o
  CC      block/blk-rq-qos.o
  AR      arch/x86/platform/pvh/built-in.a
  CC      security/lsm_audit.o
  CC      kernel/nscommon.o
  CC      block/partitions/mac.o
  CC      lib/bust_spinlocks.o
  CC [M]  arch/x86/events/intel/uncore_discovery.o
  CC [M]  sound/core/pcm_lib.o
  CC      kernel/notifier.o
  CC      security/selinux/netlabel.o
  CC      lib/kasprintf.o
  CC      crypto/drbg.o
  CC      lib/bitmap.o
  CC      security/tomoyo/audit.o
  CC [M]  drivers/leds/leds-cros_ec.o
  CC      block/partitions/ldm.o
  CC [M]  sound/i2c/i2c.o
  CC      net/core/datagram.o
  CC      mm/interval_tree.o
  CC      fs/pnode.o
  CC [M]  drivers/leds/leds-gpio.o
  CC [M]  arch/x86/events/intel/cstate.o
  CC      security/selinux/ima.o
  CC [M]  drivers/leds/leds-ss4200.o
  POLICY  security/tomoyo/builtin-policy.h
  CC      block/partitions/msdos.o
  CC      security/tomoyo/condition.o
  CC      lib/scatterlist.o
  CC      crypto/jitterentropy.o
  CC [M]  sound/i2c/other/ak4117.o
  AR      virt/lib/built-in.a
  CC      kernel/ksysfs.o
  CC      mm/list_lru.o
  CC [M]  virt/lib/irqbypass.o
  CC      crypto/jitterentropy-kcapi.o
  AR      arch/x86/events/intel/built-in.a
  LD [M]  arch/x86/events/intel/intel-uncore.o
  LD [M]  arch/x86/events/intel/intel-cstate.o
  AR      arch/x86/events/built-in.a
  CC      arch/x86/realmode/init.o
  CC [M]  sound/core/pcm_misc.o
  CC [M]  drivers/leds/leds-lp3944.o
  CC      crypto/ecc.o
  AR      security/selinux/built-in.a
  CC      crypto/asymmetric_keys/asymmetric_type.o
  AR      virt/built-in.a
  CC      kernel/cred.o
  CC      block/partitions/osf.o
  CC      block/partitions/sgi.o
  AS      arch/x86/realmode/rm/header.o
  AS      arch/x86/realmode/rm/trampoline_64.o
  CC [M]  sound/i2c/other/ak4xxx-adda.o
  AS      arch/x86/realmode/rm/stack.o
  AS      arch/x86/realmode/rm/reboot.o
  AS      arch/x86/realmode/rm/wakeup_asm.o
  CC      security/tomoyo/domain.o
  CC      arch/x86/realmode/rm/wakemain.o
  CC      mm/workingset.o
  CC [M]  drivers/leds/leds-lt3593.o
  CC      arch/x86/realmode/rm/video-mode.o
  CC      mm/debug.o
  CC      lib/list_sort.o
  CC [M]  sound/core/pcm_memory.o
  AS      arch/x86/realmode/rm/copy.o
  AS      arch/x86/realmode/rm/bioscall.o
  CC      arch/x86/realmode/rm/regs.o
  CC      mm/gup.o
  CC      lib/uuid.o
  CC      block/partitions/sun.o
  CC      arch/x86/realmode/rm/video-vga.o
  CC      arch/x86/realmode/rm/video-vesa.o
  CC      fs/splice.o
  CC      arch/x86/realmode/rm/video-bios.o
  CC      crypto/asymmetric_keys/restrict.o
  PASYMS  arch/x86/realmode/rm/pasyms.h
  LDS     arch/x86/realmode/rm/realmode.lds
  LD      arch/x86/realmode/rm/realmode.elf
  RELOCS  arch/x86/realmode/rm/realmode.relocs
  OBJCOPY arch/x86/realmode/rm/realmode.bin
  CC [M]  drivers/leds/leds-menf21bmc.o
  AS      arch/x86/realmode/rmpiggy.o
  CC      lib/iov_iter.o
  AR      arch/x86/realmode/built-in.a
  AS      arch/x86/kernel/head_64.o
  CC [M]  sound/i2c/other/ak4114.o
  CC      block/partitions/ultrix.o
  CC      crypto/asymmetric_keys/signature.o
  CC      arch/x86/kernel/head64.o
  CC [M]  drivers/leds/leds-pca955x.o
  CC      kernel/reboot.o
  CC [M]  sound/core/memalloc.o
  CC      security/tomoyo/environ.o
  LD [M]  sound/i2c/snd-cs8427.o
  CC      net/compat.o
  CC      crypto/asymmetric_keys/public_key.o
  CC      mm/mmap_lock.o
  CC      block/partitions/efi.o
  CC      block/disk-events.o
  CC [M]  drivers/leds/leds-regulator.o
  CC      security/tomoyo/file.o
  CC [M]  sound/i2c/other/ak4113.o
  CC      arch/x86/kernel/ebda.o
  ASN.1   crypto/asymmetric_keys/x509.asn1.[ch]
  ASN.1   crypto/asymmetric_keys/x509_akid.asn1.[ch]
  CC      crypto/asymmetric_keys/x509_loader.o
  CC      net/core/stream.o
  CC      block/partitions/karma.o
  CC      mm/vma_init.o
  CC      fs/sync.o
  CC [M]  sound/core/pcm_timer.o
  CC [M]  drivers/leds/leds-dac124s085.o
  CC      kernel/async.o
  CC      arch/x86/kernel/platform-quirks.o
  CC      crypto/asymmetric_keys/x509_public_key.o
  CC      fs/utimes.o
  CC [M]  sound/drivers/dummy.o
  AR      block/partitions/built-in.a
  CC      block/blk-ia-ranges.o
  CC [M]  sound/core/pcm_drm_eld.o
  CC      lib/clz_ctz.o
  CC      arch/x86/kernel/process_64.o
  CC      security/tomoyo/gc.o
  CC      lib/bsearch.o
  AR      drivers/leds/built-in.a
  CC [M]  sound/i2c/other/pt2258.o
  CC      kernel/range.o
  CC      drivers/pci/access.o
  CC      mm/highmem.o
  CC      crypto/kdf_sp800108.o
  ASN.1   crypto/asymmetric_keys/pkcs7.asn1.[ch]
  CC      crypto/asymmetric_keys/pkcs7_trust.o
  CC      kernel/smpboot.o
  CC      arch/x86/pci/i386.o
  CC [M]  sound/drivers/aloop.o
  CC      fs/d_path.o
  CC      mm/memory.o
  CC      net/core/scm.o
  CC      crypto/asymmetric_keys/pkcs7_verify.o
  CC      lib/find_bit.o
  CC      block/early-lookup.o
  LD [M]  sound/i2c/other/snd-ak4117.o
  CC      security/tomoyo/group.o
  LD [M]  sound/i2c/other/snd-ak4xxx-adda.o
  CC [M]  sound/core/pcm_dmaengine.o
  LD [M]  sound/i2c/other/snd-ak4114.o
  LD [M]  sound/i2c/other/snd-ak4113.o
  LD [M]  sound/i2c/other/snd-pt2258.o
  LD [M]  sound/i2c/snd-i2c.o
  CC      mm/mincore.o
  CC      drivers/pci/bus.o
  CC      arch/x86/mm/init.o
  CC      kernel/ucount.o
  CC      arch/x86/kernel/signal.o
  CC      lib/llist.o
  CC      block/bsg.o
  CC      lib/lwq.o
  CC [M]  sound/drivers/virmidi.o
  CC      arch/x86/pci/init.o
  CC      kernel/regset.o
  CC      crypto/asymmetric_keys/verify_pefile.o
  CC      security/tomoyo/load_policy.o
  CC      fs/stack.o
  CC      fs/fs_struct.o
  CC      lib/memweight.o
  CC [M]  sound/core/seq_device.o
  CC [M]  sound/drivers/serial-u16550.o
  CC      arch/x86/pci/mmconfig_64.o
  CC      arch/x86/kernel/signal_64.o
  CC      lib/kfifo.o
  CC      drivers/pci/probe.o
  CC      net/core/gen_stats.o
  ASN.1   crypto/asymmetric_keys/mscode.asn1.[ch]
  ASN.1   crypto/asymmetric_keys/pkcs8.asn1.[ch]
  CC      crypto/asymmetric_keys/x509.asn1.o
  CC      block/bsg-lib.o
  CC      crypto/asymmetric_keys/x509_akid.asn1.o
  CC      crypto/asymmetric_keys/x509_cert_parser.o
  CC      kernel/ksyms_common.o
  CC      arch/x86/mm/init_64.o
  CC      arch/x86/pci/direct.o
  CC      arch/x86/mm/fault.o
  CC      security/tomoyo/memory.o
  CC [M]  sound/drivers/mtpav.o
  CC      arch/x86/kernel/traps.o
  CC [M]  sound/core/rawmidi.o
  CC      fs/statfs.o
  CC      kernel/groups.o
  CC      lib/percpu-refcount.o
  CC      arch/x86/pci/mmconfig-shared.o
  CC      crypto/asymmetric_keys/pkcs7.asn1.o
  CC      crypto/asymmetric_keys/pkcs7_parser.o
  CC [M]  sound/drivers/mts64.o
  CC      security/tomoyo/mount.o
  CC      block/blk-cgroup.o
  CC      net/core/gen_estimator.o
  CC      arch/x86/kernel/idt.o
  CC      block/blk-cgroup-rwstat.o
  CC      arch/x86/pci/xen.o
  CC [M]  sound/drivers/portman2x4.o
  CC      drivers/pci/host-bridge.o
  CC      lib/rhashtable.o
  CC      crypto/asymmetric_keys/mscode_parser.o
  CC      kernel/vhost_task.o
  CC      fs/fs_pin.o
  CC      security/tomoyo/network.o
  CC      arch/x86/kernel/irq.o
  CC      arch/x86/mm/ioremap.o
  CC      crypto/asymmetric_keys/mscode.asn1.o
  CC [M]  sound/core/compress_offload.o
  CC [M]  crypto/asymmetric_keys/pkcs8.asn1.o
  CC [M]  crypto/asymmetric_keys/pkcs8_parser.o
  CC [M]  sound/drivers/opl3/opl3_lib.o
  CC      arch/x86/kernel/irq_64.o
  CC      fs/nsfs.o
  CC      kernel/sched/core.o
  CC      drivers/pci/remove.o
  CC      net/core/net_namespace.o
  AR      crypto/asymmetric_keys/built-in.a
  LD [M]  crypto/asymmetric_keys/pkcs8_key_parser.o
  CC      arch/x86/pci/fixup.o
  CC [M]  crypto/crypto_engine.o
  CC      arch/x86/mm/extable.o
  CC      block/blk-throttle.o
  CC      lib/base64.o
  CC      security/tomoyo/realpath.o
  CC      lib/once.o
  CC [M]  sound/drivers/opl3/opl3_synth.o
  CC [M]  sound/core/oss/mixer_oss.o
  CC      arch/x86/kernel/dumpstack_64.o
  CC      mm/mlock.o
  CC      drivers/pci/pci.o
  CC      arch/x86/pci/acpi.o
  CC      arch/x86/mm/mmap.o
  CC      fs/fs_types.o
  CC [M]  crypto/geniv.o
  CC      arch/x86/mm/pgtable.o
  CC      lib/refcount.o
  CC      security/tomoyo/securityfs_if.o
  CC      arch/x86/kernel/time.o
  CC      block/blk-iocost.o
  CC      security/apparmor/apparmorfs.o
  CC [M]  sound/drivers/opl3/opl3_seq.o
  CC      arch/x86/pci/legacy.o
  CC      fs/fs_context.o
  CC      net/core/secure_seq.o
  CC      lib/rcuref.o
  CC [M]  sound/core/oss/pcm_oss.o
  CC      arch/x86/kernel/ioport.o
  CC [M]  sound/drivers/opl3/opl3_midi.o
  CC      security/tomoyo/tomoyo.o
  CC      lib/usercopy.o
  CC [M]  crypto/seqiv.o
  CC      arch/x86/pci/irq.o
  CC      arch/x86/mm/physaddr.o
  CC      mm/mmap.o
  CC [M]  sound/drivers/opl3/opl3_drums.o
  CC      arch/x86/kernel/dumpstack.o
  CC      lib/errseq.o
  CC      lib/bucket_locks.o
  CC      fs/fs_parser.o
  CC      security/tomoyo/util.o
  CC [M]  crypto/echainiv.o
  CC      net/core/flow_dissector.o
  LD [M]  sound/drivers/opl3/snd-opl3-lib.o
  LD [M]  sound/drivers/opl3/snd-opl3-synth.o
  CC [M]  sound/drivers/mpu401/mpu401_uart.o
  CC      arch/x86/mm/tlb.o
  CC      arch/x86/kernel/nmi.o
  CC      block/mq-deadline.o
  CC      security/apparmor/audit.o
  CC      arch/x86/pci/common.o
  CC [M]  sound/core/oss/pcm_plugin.o
  CC      drivers/pci/pci-driver.o
  CC [M]  crypto/hkdf.o
  CC      lib/generic-radix-tree.o
  CC      arch/x86/pci/early.o
  CC      security/tomoyo/common.o
  CC      fs/fsopen.o
  CC [M]  sound/drivers/mpu401/mpu401.o
  CC [M]  sound/core/oss/io.o
  GEN     security/apparmor/capability_names.h
  CC      block/bio-integrity.o
  CC      security/apparmor/task.o
  CC      mm/mmu_gather.o
  CC      lib/bitmap-str.o
  CC [M]  crypto/crypto_user.o
  CC      arch/x86/kernel/fred.o
  CC      arch/x86/pci/bus_numa.o
  CC      arch/x86/mm/cpu_entry_area.o
  LD [M]  sound/drivers/mpu401/snd-mpu401-uart.o
  CC [M]  sound/core/oss/copy.o
  LD [M]  sound/drivers/mpu401/snd-mpu401.o
  CC [M]  sound/drivers/vx/vx_core.o
  CC      fs/init.o
  CC      drivers/pci/search.o
  CC      mm/mprotect.o
  CC [M]  sound/core/oss/linear.o
  CC      arch/x86/pci/amd_bus.o
  CC      lib/string_helpers.o
  CC      kernel/sched/fair.o
  CC [M]  crypto/cmac.o
  CC      security/apparmor/ipc.o
  CC      net/core/sysctl_net_core.o
  CC      block/blk-integrity.o
  CC      fs/kernel_read_file.o
  CC      arch/x86/mm/maccess.o
  CC [M]  sound/core/oss/mulaw.o
  CC      arch/x86/kernel/ldt.o
  AR      arch/x86/pci/built-in.a
  CC      drivers/video/aperture.o
  CC [M]  sound/drivers/vx/vx_hwdep.o
  AR      security/tomoyo/built-in.a
  CC      arch/x86/mm/pgprot.o
  CC [M]  sound/isa/sb/sb_common.o
  CC [M]  crypto/xcbc.o
  CC      drivers/pci/rom.o
  CC [M]  sound/core/oss/route.o
  CC      security/apparmor/lib.o
  CC      lib/hexdump.o
  CC      mm/mremap.o
  CC [M]  crypto/crypto_null.o
  AS      arch/x86/kernel/ibt_selftest.o
  CC      arch/x86/kernel/setup.o
  CC      lib/kstrtox.o
  CC      fs/mnt_idmapping.o
  CC      block/t10-pi.o
  CC [M]  sound/drivers/vx/vx_pcm.o
  CC      arch/x86/mm/pat/set_memory.o
  CC [M]  sound/core/oss/rate.o
  CC      drivers/video/screen_info_generic.o
  CC [M]  sound/isa/sb/sb_mixer.o
  CC [M]  crypto/md4.o
  CC      drivers/pci/setup-res.o
  CC      drivers/video/screen_info_pci.o
  CC      net/core/dev.o
  AR      lib/kunit/built-in.a
  LD [M]  sound/core/oss/snd-mixer-oss.o
  LD [M]  sound/core/oss/snd-pcm-oss.o
  CC      lib/math/div64.o
  CC [M]  sound/core/seq/seq.o
  CC      security/apparmor/match.o
  CC      fs/remap_range.o
  CC      lib/math/gcd.o
  CC      block/bio-integrity-auto.o
  CC [M]  sound/drivers/vx/vx_mixer.o
  CC      lib/math/lcm.o
  CC [M]  crypto/rmd160.o
  CC      lib/math/int_log.o
  CC      mm/msync.o
  LD [M]  sound/isa/sb/snd-sb-common.o
  CC      lib/math/int_pow.o
  CC      mm/page_vma_mapped.o
  CC      lib/math/int_sqrt.o
  CC [M]  sound/core/seq/seq_lock.o
  CC      arch/x86/kernel/x86_init.o
  CC      lib/math/reciprocal_div.o
  CC      lib/math/rational.o
  CC      drivers/pci/irq.o
  CC      drivers/video/cmdline.o
  CC [M]  sound/drivers/vx/vx_cmd.o
  CC      security/apparmor/path.o
  CC      lib/crc/crc-ccitt.o
  CC [M]  crypto/streebog_generic.o
  CC      block/blk-zoned.o
  CC      arch/x86/mm/pat/memtype.o
  CC      mm/pagewalk.o
  CC [M]  sound/core/seq/seq_clientmgr.o
  CC [M]  sound/drivers/vx/vx_uer.o
  CC      fs/pidfs.o
  AR      lib/math/tests/built-in.a
  CC [M]  lib/math/cordic.o
  CC [M]  crypto/wp512.o
  CC      arch/x86/kernel/i8259.o
  CC      drivers/pci/vpd.o
  CC      lib/crc/crc-t10dif-main.o
  CC      drivers/video/nomodeset.o
  CC      security/apparmor/domain.o
  LD [M]  sound/drivers/vx/snd-vx-lib.o
  CC [M]  sound/drivers/pcsp/pcsp.o
  CC [M]  crypto/blake2b_generic.o
  AR      lib/math/built-in.a
  CC      drivers/video/hdmi.o
  CC      mm/pgtable-generic.o
  CC      arch/x86/mm/pat/memtype_interval.o
  CC      fs/file_attr.o
  CC [M]  sound/drivers/pcsp/pcsp_lib.o
  AS      lib/crc/x86/crc16-msb-pclmul.o
  HOSTCC  lib/crc/gen_crc32table
  CC      arch/x86/kernel/irqinit.o
  AR      arch/x86/crypto/built-in.a
  AS      lib/crc/x86/crc32-pclmul.o
  AS [M]  arch/x86/crypto/twofish-x86_64-asm_64.o
  AS      lib/crc/x86/crc32c-3way.o
  CC [M]  arch/x86/crypto/twofish_glue.o
  HOSTCC  lib/crc/gen_crc64table
  AS      lib/crc/x86/crc64-pclmul.o
  CC      drivers/pci/setup-bus.o
  CC      block/blk-wbt.o
  AR      lib/crc/tests/built-in.a
  CC [M]  lib/crc/crc8.o
  AR      arch/x86/mm/pat/built-in.a
  CC [M]  sound/core/seq/seq_memory.o
  CC      arch/x86/mm/hugetlbpage.o
  CC      mm/rmap.o
  CC [M]  crypto/pcbc.o
  CC [M]  sound/drivers/pcsp/pcsp_mixer.o
  CC      arch/x86/kernel/jump_label.o
  CC      drivers/video/console/dummycon.o
  AS [M]  arch/x86/crypto/twofish-x86_64-asm_64-3way.o
  CC      arch/x86/mm/dump_pagetables.o
  CC [M]  sound/drivers/pcsp/pcsp_input.o
  CC [M]  arch/x86/crypto/twofish_glue_3way.o
  CC [M]  crypto/cts.o
  CC [M]  lib/crc/crc16.o
  CC      kernel/sched/build_policy.o
  CC      fs/buffer.o
  CC      arch/x86/kernel/irq_work.o
  CC      security/apparmor/policy.o
  CC [M]  sound/core/seq/seq_queue.o
  LD [M]  sound/drivers/pcsp/snd-pcsp.o
  LD [M]  sound/drivers/snd-dummy.o
  LD [M]  sound/drivers/snd-aloop.o
  LD [M]  sound/drivers/snd-virmidi.o
  LD [M]  sound/drivers/snd-serial-u16550.o
  LD [M]  sound/drivers/snd-mtpav.o
  LD [M]  sound/drivers/snd-mts64.o
  LD [M]  sound/drivers/snd-portman2x4.o
  CC [M]  sound/core/seq/seq_fifo.o
  CC [M]  crypto/lrw.o
  CC      drivers/video/console/vgacon.o
  CC      arch/x86/kernel/probe_roms.o
  AS [M]  arch/x86/crypto/twofish-avx-x86_64-asm_64.o
  CC [M]  lib/crc/crc-itu-t.o
  CC [M]  arch/x86/crypto/twofish_avx_glue.o
  CC      arch/x86/mm/kmmio.o
  CC      block/blk-mq-debugfs.o
  CC      drivers/pci/vc.o
  CC      arch/x86/power/cpu.o
  CC [M]  sound/core/seq/seq_prioq.o
  CC [M]  crypto/xts.o
  AS [M]  arch/x86/crypto/serpent-sse2-x86_64-asm_64.o
  CC [M]  sound/core/seq/seq_timer.o
  CC [M]  arch/x86/crypto/serpent_sse2_glue.o
  GEN     lib/crc/crc32table.h
  GEN     lib/crc/crc64table.h
  CC      lib/crc/crc32-main.o
  CC      drivers/pci/mmap.o
  CC [M]  crypto/adiantum.o
  CC      arch/x86/kernel/sys_ia32.o
  CC      arch/x86/power/hibernate_64.o
  CC      security/apparmor/policy_unpack.o
  CC      mm/vmalloc.o
  CC      arch/x86/mm/pf_in.o
  AR      drivers/video/console/built-in.a
  CC      drivers/video/backlight/backlight.o
  CC      block/sed-opal.o
  CC [M]  sound/core/seq/seq_system.o
  CC      drivers/pci/devres.o
  AS [M]  arch/x86/crypto/serpent-avx-x86_64-asm_64.o
  CC [M]  arch/x86/crypto/serpent_avx_glue.o
  AS      arch/x86/power/hibernate_asm_64.o
  CC [M]  crypto/nhpoly1305.o
  CC      arch/x86/power/hibernate.o
  CC      arch/x86/mm/mmio-mod.o
  CC      lib/crc/crc64-main.o
  CC      arch/x86/kernel/signal_32.o
  CC      fs/mpage.o
  CC [M]  sound/core/seq/seq_ports.o
  AR      arch/x86/power/built-in.a
  CC      mm/vma.o
  CC [M]  drivers/video/backlight/apple_bl.o
  CC      arch/x86/kernel/sys_x86_64.o
  CC      security/apparmor/procattr.o
  AR      lib/crc/built-in.a
  CC [M]  crypto/gcm.o
  CC      lib/crypto/hash_info.o
  CC      drivers/pci/msi/pcidev_msi.o
  AS [M]  arch/x86/crypto/serpent-avx2-asm_64.o
  CC [M]  arch/x86/crypto/serpent_avx2_glue.o
  CC      arch/x86/mm/numa.o
  CC      net/core/dev_api.o
  CC      drivers/pci/msi/api.o
  CC [M]  drivers/video/backlight/pwm_bl.o
  CC      block/blk-pm.o
  CC      fs/proc_namespace.o
  CC      arch/x86/kernel/espfix_64.o
  AS [M]  arch/x86/crypto/des3_ede-asm_64.o
  CC [M]  sound/core/seq/seq_info.o
  CC [M]  arch/x86/crypto/des3_ede_glue.o
  CC      lib/crypto/memneq.o
  CC [M]  crypto/ccm.o
  CC      security/apparmor/lsm.o
  CC      arch/x86/mm/amdtopology.o
  CC [M]  sound/core/seq/seq_dummy.o
  CC      kernel/sched/build_utility.o
  AR      drivers/video/backlight/built-in.a
  CC      fs/direct-io.o
  CC      drivers/pci/pcie/portdrv.o
  CC      drivers/video/fbdev/core/fb_notify.o
  AS [M]  arch/x86/crypto/camellia-x86_64-asm_64.o
  CC      arch/x86/kernel/ksysfs.o
  CC [M]  arch/x86/crypto/camellia_glue.o
  CC      block/holder.o
  CC      drivers/pci/msi/msi.o
  CC      lib/crypto/utils.o
  CC [M]  sound/core/seq/seq_midi.o
  CC      net/core/dev_addr_lists.o
  CC [M]  crypto/chacha20poly1305.o
  CC      arch/x86/mm/srat.o
  CC      mm/vma_exec.o
  CC      arch/x86/kernel/bootflag.o
  CC [M]  sound/core/seq/seq_midi_emul.o
  CC      arch/x86/mm/pkeys.o
  CC      drivers/video/fbdev/core/fb_info.o
  CC      drivers/pci/pcie/rcec.o
  CC [M]  crypto/aegis128-core.o
  CC      lib/crypto/aes.o
  CC [M]  block/kyber-iosched.o
  CC      arch/x86/kernel/e820.o
  CC      fs/notify/fsnotify.o
  CC      mm/process_vm_access.o
  AS [M]  arch/x86/crypto/camellia-aesni-avx-asm_64.o
  CC [M]  arch/x86/crypto/camellia_aesni_avx_glue.o
  CC      arch/x86/mm/kaslr.o
  CC      drivers/pci/pcie/bwctrl.o
  CC      drivers/pci/msi/irqdomain.o
  CC [M]  crypto/pcrypt.o
  CC      net/core/dst.o
  CC [M]  sound/core/seq/seq_midi_event.o
  CC      lib/crypto/aesgcm.o
  CC      mm/mseal.o
  CC      arch/x86/mm/pti.o
  CC      drivers/video/fbdev/core/fbmem.o
  GEN     security/apparmor/rlim_names.h
  CC      security/apparmor/secid.o
  CC      drivers/pci/pcie/aspm.o
  AS [M]  arch/x86/crypto/camellia-aesni-avx2-asm_64.o
  CC [M]  block/bfq-iosched.o
  CC [M]  crypto/cryptd.o
  CC [M]  arch/x86/crypto/camellia_aesni_avx2_glue.o
  CC      arch/x86/kernel/pci-dma.o
  CC      fs/notify/notification.o
  CC      arch/x86/mm/mem_encrypt.o
  CC      mm/page_alloc.o
  AR      drivers/pci/msi/built-in.a
  CC      lib/crypto/gf128mul.o
  CC [M]  sound/core/seq/seq_virmidi.o
  CC      arch/x86/kernel/quirks.o
  AS [M]  arch/x86/crypto/blowfish-x86_64-asm_64.o
  CC      security/apparmor/file.o
  CC [M]  arch/x86/crypto/blowfish_glue.o
  CC      arch/x86/mm/mem_encrypt_amd.o
  CC      drivers/video/fbdev/core/fbcmap.o
  CC      fs/notify/group.o
  CC      net/core/netevent.o
  CC [M]  crypto/des_generic.o
  CC      drivers/pci/pcie/aer.o
  CC      net/ethernet/eth.o
  CC      lib/crypto/blake2s.o
  AS [M]  arch/x86/crypto/cast5-avx-x86_64-asm_64.o
  CC [M]  arch/x86/crypto/cast5_avx_glue.o
  LD [M]  sound/core/seq/snd-seq.o
  LD [M]  sound/core/seq/snd-seq-dummy.o
  LD [M]  sound/core/seq/snd-seq-midi.o
  CC      arch/x86/kernel/kdebugfs.o
  LD [M]  sound/core/seq/snd-seq-midi-emul.o
  LD [M]  sound/core/seq/snd-seq-midi-event.o
  LD [M]  sound/core/seq/snd-seq-virmidi.o
  LD [M]  sound/core/snd.o
  CC [M]  crypto/fcrypt.o
  LD [M]  sound/core/snd-ctl-led.o
  LD [M]  sound/core/snd-hwdep.o
  LD [M]  sound/core/snd-timer.o
  LD [M]  sound/core/snd-hrtimer.o
  LD [M]  sound/core/snd-pcm.o
  LD [M]  sound/core/snd-pcm-dmaengine.o
  LD [M]  sound/core/snd-seq-device.o
  CC      security/apparmor/policy_ns.o
  LD [M]  sound/core/snd-rawmidi.o
  LD [M]  sound/core/snd-compress.o
  CC [M]  sound/pci/ad1889.o
  AS      arch/x86/mm/mem_encrypt_boot.o
  AR      arch/x86/mm/built-in.a
  CC [M]  crypto/blowfish_generic.o
  AS [M]  arch/x86/crypto/cast6-avx-x86_64-asm_64.o
  CC      fs/notify/mark.o
  CC      drivers/video/fbdev/core/modedb.o
  CC [M]  arch/x86/crypto/cast6_avx_glue.o
  CC      net/802/fc.o
  CC      net/core/neighbour.o
  CC      arch/x86/kernel/alternative.o
  AS      lib/crypto/x86/blake2s-core.o
  CC [M]  block/bfq-wf2q.o
  CC      lib/crypto/chacha-block-generic.o
  CC [M]  crypto/blowfish_common.o
  CC [M]  sound/pci/als300.o
  CC      drivers/pci/pcie/err.o
  AS [M]  arch/x86/crypto/aegis128-aesni-asm.o
  CC [M]  arch/x86/crypto/aegis128-aesni-glue.o
  CC      security/apparmor/label.o
  CC      lib/crypto/md5.o
  AR      kernel/sched/built-in.a
  CC      kernel/locking/mutex.o
  AR      net/ethernet/built-in.a
  CC      fs/notify/fdinfo.o
  CC      arch/x86/kernel/i8253.o
  CC [M]  sound/pci/als4000.o
  CC      drivers/pci/pcie/tlp.o
  AS [M]  arch/x86/crypto/aesni-intel_asm.o
  CC [M]  block/bfq-cgroup.o
  CC [M]  arch/x86/crypto/aesni-intel_glue.o
  CC      drivers/video/fbdev/core/fbcvt.o
  CC      net/802/fddi.o
  CC [M]  crypto/twofish_generic.o
  CC      fs/notify/dnotify/dnotify.o
  CC      net/core/rtnetlink.o
  CC      lib/crypto/sha1.o
  CC      drivers/pci/pcie/pme.o
  CC      drivers/video/fbdev/core/fb_cmdline.o
  CC [M]  sound/pci/atiixp.o
  CC [M]  crypto/twofish_common.o
  CC      arch/x86/kernel/hw_breakpoint.o
  AR      block/built-in.a
  LD [M]  block/bfq.o
  AS      lib/crypto/x86/sha1-ssse3-and-avx.o
  AR      fs/notify/dnotify/built-in.a
  CC      net/802/hippi.o
  CC      fs/notify/inotify/inotify_fsnotify.o
  CC      drivers/pci/pcie/dpc.o
  CC      mm/shuffle.o
  AS [M]  arch/x86/crypto/aes-ctr-avx-x86_64.o
  CC      fs/notify/inotify/inotify_user.o
  CC      security/apparmor/mount.o
  AS      lib/crypto/x86/sha1-avx2-asm.o
  AS [M]  arch/x86/crypto/aes-gcm-aesni-x86_64.o
  CC      kernel/locking/semaphore.o
  CC      net/sched/sch_generic.o
  AS      lib/crypto/x86/sha1-ni-asm.o
  AS [M]  arch/x86/crypto/aes-xts-avx-x86_64.o
  CC      lib/crypto/sha256.o
  AS [M]  arch/x86/crypto/aes-gcm-avx10-x86_64.o
  AS [M]  arch/x86/crypto/ghash-clmulni-intel_asm.o
  CC [M]  arch/x86/crypto/ghash-clmulni-intel_glue.o
  CC [M]  sound/pci/atiixp_modem.o
  CC      drivers/video/fbdev/core/fb_backlight.o
  CC [M]  crypto/serpent_generic.o
  CC      drivers/pci/pcie/ptm.o
  CC      mm/page_frag_cache.o
  CC      arch/x86/kernel/tsc.o
  CC      net/netlink/af_netlink.o
  AS [M]  arch/x86/crypto/nh-sse2-x86_64.o
  CC [M]  arch/x86/crypto/nhpoly1305-sse2-glue.o
  AR      fs/notify/inotify/built-in.a
  CC      fs/notify/fanotify/fanotify.o
  CC [M]  net/802/psnap.o
  CC      kernel/locking/rwsem.o
  AS      lib/crypto/x86/sha256-ssse3-asm.o
  CC [M]  sound/pci/azt3328.o
  AS      lib/crypto/x86/sha256-avx-asm.o
  AS      lib/crypto/x86/sha256-avx2-asm.o
  GEN     security/apparmor/net_names.h
  AS      lib/crypto/x86/sha256-ni-asm.o
  GEN     security/apparmor/net_names.h
  AS [M]  arch/x86/crypto/nh-avx2-x86_64.o
  CC      security/apparmor/policy_compat.o
  CC      lib/crypto/sha512.o
  CC [M]  arch/x86/crypto/nhpoly1305-avx2-glue.o
  CC      drivers/video/fbdev/core/fbmon.o
  CC [M]  drivers/pci/pcie/aer_inject.o
  CC      mm/init-mm.o
  LD [M]  arch/x86/crypto/twofish-x86_64.o
  LD [M]  arch/x86/crypto/twofish-x86_64-3way.o
  LD [M]  arch/x86/crypto/twofish-avx-x86_64.o
  LD [M]  arch/x86/crypto/serpent-sse2-x86_64.o
  LD [M]  arch/x86/crypto/serpent-avx-x86_64.o
  LD [M]  arch/x86/crypto/serpent-avx2.o
  LD [M]  arch/x86/crypto/des3_ede-x86_64.o
  LD [M]  arch/x86/crypto/camellia-x86_64.o
  LD [M]  arch/x86/crypto/camellia-aesni-avx-x86_64.o
  CC [M]  crypto/aes_ti.o
  CC      arch/x86/kernel/tsc_msr.o
  LD [M]  arch/x86/crypto/camellia-aesni-avx2.o
  CC      fs/notify/fanotify/fanotify_user.o
  LD [M]  arch/x86/crypto/blowfish-x86_64.o
  LD [M]  arch/x86/crypto/cast5-avx-x86_64.o
  LD [M]  arch/x86/crypto/cast6-avx-x86_64.o
  LD [M]  arch/x86/crypto/aegis128-aesni.o
  LD [M]  arch/x86/crypto/aesni-intel.o
  LD [M]  arch/x86/crypto/ghash-clmulni-intel.o
  LD [M]  arch/x86/crypto/nhpoly1305-sse2.o
  CC [M]  sound/pci/bt87x.o
  LD [M]  arch/x86/crypto/nhpoly1305-avx2.o
  CC      net/netlink/genetlink.o
  CC      kernel/locking/percpu-rwsem.o
  CC      mm/memblock.o
  CC      security/apparmor/af_unix.o
  AR      drivers/pci/pcie/built-in.a
  AR      drivers/pci/pwrctrl/built-in.a
  CC      drivers/pci/proc.o
  AS      lib/crypto/x86/sha512-ssse3-asm.o
  CC [M]  net/802/stp.o
  CC      net/sched/sch_mq.o
  AS      lib/crypto/x86/sha512-avx-asm.o
  CC [M]  crypto/camellia_generic.o
  AS      lib/crypto/x86/sha512-avx2-asm.o
  CC      arch/x86/kernel/io_delay.o
  CC      lib/crypto/mpi/generic_mpih-lshift.o
  CC [M]  sound/pci/cmipci.o
  CC      drivers/video/fbdev/core/fb_defio.o
  CC      lib/crypto/mpi/generic_mpih-mul1.o
  CC      arch/x86/kernel/rtc.o
  CC      drivers/pci/pci-sysfs.o
  CC      net/core/utils.o
  CC      net/sched/sch_frag.o
  CC      kernel/locking/spinlock.o
  CC [M]  crypto/cast_common.o
  AR      fs/notify/fanotify/built-in.a
  CC      lib/crypto/mpi/generic_mpih-mul2.o
  AR      fs/notify/built-in.a
  CC      fs/eventpoll.o
  CC      security/apparmor/crypto.o
  CC      kernel/power/qos.o
  CC [M]  net/802/garp.o
  CC      kernel/locking/osq_lock.o
  CC      mm/memory_hotplug.o
  CC      arch/x86/kernel/resource.o
  CC      lib/crypto/mpi/generic_mpih-mul3.o
  CC      kernel/locking/qspinlock.o
  CC      drivers/video/fbdev/core/fb_chrdev.o
  CC      net/netlink/policy.o
  CC [M]  crypto/cast5_generic.o
  CC      drivers/pci/slot.o
  CC [M]  sound/pci/cs4281.o
  AS      arch/x86/kernel/irqflags.o
  CC      security/apparmor/capability.o
  CC      lib/crypto/mpi/generic_mpih-rshift.o
  CC      arch/x86/kernel/static_call.o
  CC      net/core/link_watch.o
  CC      net/sched/sch_api.o
  CC      drivers/video/fbdev/core/fb_procfs.o
  CC [M]  net/netlink/diag.o
  CC      lib/crypto/mpi/generic_mpih-sub1.o
  CC      kernel/power/main.o
  CC [M]  net/802/mrp.o
  CC [M]  crypto/cast6_generic.o
  CC      drivers/pci/pci-acpi.o
  CC      fs/anon_inodes.o
  CC [M]  sound/pci/ens1370.o
  CC      kernel/locking/rtmutex_api.o
  CC      lib/crypto/mpi/generic_mpih-add1.o
  CC      security/apparmor/resource.o
  CC      drivers/video/fbdev/core/fbsysfs.o
  CC      arch/x86/kernel/process.o
  AR      net/netlink/built-in.a
  CC      mm/slub.o
  LD [M]  net/netlink/netlink_diag.o
  CC      arch/x86/kernel/fpu/init.o
  CC      lib/crypto/mpi/mpicoder.o
  CC [M]  crypto/chacha.o
  CC [M]  sound/pci/ak4531_codec.o
  CC      arch/x86/kernel/fpu/bugs.o
  CC      drivers/video/fbdev/core/fbcon.o
  CC      fs/signalfd.o
  CC      net/core/filter.o
  CC      arch/x86/kernel/fpu/core.o
  CC      kernel/power/console.o
  CC      security/apparmor/net.o
  CC      drivers/pci/iomap.o
  CC      kernel/locking/qrwlock.o
  CC [M]  crypto/deflate.o
  AR      net/802/built-in.a
  CC [M]  sound/pci/ens1371.o
  AR      lib/tests/built-in.a
  CC      drivers/pci/quirks.o
  CC      lib/crypto/mpi/mpi-add.o
  CC [M]  crypto/michael_mic.o
  CC      fs/timerfd.o
  CC      net/sched/sch_blackhole.o
  CC      drivers/video/fbdev/core/bitblit.o
  AR      kernel/locking/built-in.a
  AR      drivers/video/fbdev/omap/built-in.a
  CC      kernel/power/process.o
  CC      kernel/printk/printk.o
  AR      drivers/video/fbdev/omap2/omapfb/dss/built-in.a
  AR      security/apparmor/built-in.a
  AR      drivers/video/fbdev/omap2/omapfb/displays/built-in.a
  CC      security/yama/yama_lsm.o
  AR      drivers/video/fbdev/omap2/omapfb/built-in.a
  AR      drivers/video/fbdev/omap2/built-in.a
  CC      drivers/pci/hotplug/pci_hotplug_core.o
  CC [M]  crypto/crc32c.o
  CC [M]  sound/pci/es1938.o
  CC      arch/x86/kernel/fpu/regset.o
  CC      lib/crypto/mpi/mpi-bit.o
  CC      fs/eventfd.o
  CC      net/sched/cls_api.o
  CC      drivers/pci/ats.o
  CC [M]  crypto/crc32.o
  CC      kernel/power/suspend.o
  AR      security/yama/built-in.a
  CC      security/lockdown/lockdown.o
  CC      drivers/video/fbdev/core/softcursor.o
  CC      arch/x86/kernel/fpu/signal.o
  CC [M]  crypto/authenc.o
  CC      drivers/pci/hotplug/cpci_hotplug_core.o
  CC [M]  sound/pci/es1968.o
  CC      lib/crypto/mpi/mpi-cmp.o
  CC      net/core/sock_diag.o
  AR      security/lockdown/built-in.a
  CC      security/device_cgroup.o
  CC      drivers/video/fbdev/core/tileblit.o
  CC      drivers/video/fbdev/core/fbcon_rotate.o
  CC      fs/userfaultfd.o
  CC      arch/x86/kernel/fpu/xstate.o
  CC      kernel/power/hibernate.o
  CC      lib/crypto/mpi/mpi-sub-ui.o
  CC      arch/x86/video/video-common.o
  CC      drivers/pci/hotplug/cpci_hotplug_pci.o
  CC      drivers/video/fbdev/core/fbcon_cw.o
  CC      kernel/printk/printk_safe.o
  CC [M]  crypto/authencesn.o
  CC [M]  sound/pci/fm801.o
  CC      net/sched/act_api.o
  CC      drivers/pci/hotplug/acpi_pcihp.o
  CC      lib/crypto/mpi/mpi-div.o
  CC      security/bpf/hooks.o
  AR      arch/x86/kernel/fpu/built-in.a
  CC      fs/aio.o
  CC      arch/x86/kernel/ptrace.o
  AR      arch/x86/video/built-in.a
  CC      kernel/printk/nbcon.o
  CC      drivers/video/fbdev/core/fbcon_ud.o
  CC      security/landlock/setup.o
  CC      security/landlock/syscalls.o
  CC [M]  crypto/krb5enc.o
  CC      lib/crypto/mpi/mpi-mod.o
  CC      kernel/power/snapshot.o
  CC [M]  sound/pci/intel8x0.o
  CC      mm/madvise.o
  AR      security/bpf/built-in.a
  CC      drivers/pci/hotplug/pciehp_core.o
  CC      lib/crypto/mpi/mpi-mul.o
  CC      drivers/video/fbdev/core/fbcon_ccw.o
  CC      lib/vdso/datastore.o
  CC      drivers/video/fbdev/xen-fbfront.o
  CC      kernel/printk/braille.o
  CC      arch/x86/kernel/tls.o
  CC      security/landlock/object.o
  CC      kernel/printk/printk_ringbuffer.o
  CC      drivers/pci/hotplug/pciehp_ctrl.o
  AR      lib/vdso/built-in.a
  CC      drivers/video/fbdev/vesafb.o
  CC      security/landlock/ruleset.o
  CC      drivers/video/fbdev/core/cfbfillrect.o
  CC      lib/crypto/mpi/mpih-cmp.o
  CC [M]  sound/pci/intel8x0m.o
  CC      arch/x86/kernel/step.o
  CC      net/sched/sch_fifo.o
  CC      fs/dax.o
  CC [M]  crypto/lz4.o
  CC      kernel/power/swap.o
  CC      kernel/printk/sysctl.o
  CC      drivers/pci/hotplug/pciehp_pci.o
  CC      lib/crypto/mpi/mpih-div.o
  CC      kernel/irq/irqdesc.o
  CC      mm/page_io.o
  CC      arch/x86/kernel/tboot.o
  CC      arch/x86/kernel/i8237.o
  CC [M]  crypto/lz4hc.o
  AR      kernel/printk/built-in.a
  CC      arch/x86/kernel/stacktrace.o
  CC      net/core/dev_ioctl.o
  CC [M]  sound/pci/maestro3.o
  CC      drivers/pci/hotplug/pciehp_hpc.o
  CC      security/landlock/cred.o
  CC      drivers/pci/iov.o
  CC      lib/crypto/mpi/mpih-mul.o
  CC [M]  crypto/xxhash_generic.o
  IPE_POL 
  CC      security/ipe/digest.o
  CC      drivers/video/fbdev/core/cfbcopyarea.o
  CC      kernel/power/user.o
  CC      arch/x86/kernel/cpu/cacheinfo.o
  CC      mm/swap_state.o
  CC      security/landlock/task.o
  CC      net/sched/sch_fq_codel.o
  CC      kernel/irq/handle.o
  CC [M]  crypto/ansi_cprng.o
  CC      lib/crypto/mpi/mpi-pow.o
  CC [M]  sound/pci/rme32.o
  CC      security/ipe/eval.o
  CC      drivers/pci/hotplug/shpchp_core.o
  CC      kernel/power/poweroff.o
  CC      arch/x86/kernel/cpu/scattered.o
  CC [M]  crypto/ghash-generic.o
  CC      security/landlock/fs.o
  CC      kernel/power/energy_model.o
  CC      drivers/pci/hotplug/shpchp_ctrl.o
  CC      security/ipe/hooks.o
  CC      net/core/tso.o
  CC      fs/crypto/crypto.o
  CC      kernel/irq/manage.o
  CC      mm/swapfile.o
  CC      fs/verity/enable.o
  CC      arch/x86/kernel/cpu/topology_common.o
  CC      lib/crypto/mpi/mpiutil.o
  CC [M]  sound/pci/rme96.o
  CC      drivers/video/fbdev/core/cfbimgblt.o
  CC      net/sched/ematch.o
  CC [M]  crypto/af_alg.o
  CC      security/ipe/fs.o
  CC      drivers/pci/hotplug/shpchp_pci.o
  AR      kernel/power/built-in.a
  CC      fs/crypto/fname.o
  CC      security/landlock/net.o
  CC      arch/x86/kernel/cpu/topology_ext.o
  AR      lib/crypto/mpi/built-in.a
  CC      drivers/video/display_timing.o
  CC      fs/verity/hash_algs.o
  CC [M]  lib/crypto/arc4.o
  CC      security/ipe/ipe.o
  CC      drivers/pci/hotplug/shpchp_sysfs.o
  CC [M]  sound/pci/sonicvibes.o
  CC      net/core/sock_reuseport.o
  CC      drivers/video/fbdev/core/fb_io_fops.o
  CC      arch/x86/kernel/cpu/topology_amd.o
  CC      fs/verity/init.o
  CC [M]  net/sched/act_police.o
  CC      kernel/irq/spurious.o
  CC      net/bpf/test_run.o
  CC      drivers/pci/hotplug/shpchp_hpc.o
  CC [M]  lib/crypto/chacha.o
  CC      security/ipe/policy.o
  CC      fs/crypto/hkdf.o
  CC      security/landlock/id.o
  CC      arch/x86/kernel/cpu/common.o
  CC      fs/verity/measure.o
  CC [M]  crypto/algif_hash.o
  CC      kernel/irq/resend.o
  CC [M]  sound/pci/via82xx.o
  CC      security/landlock/audit.o
  CC      fs/crypto/hooks.o
  CC      drivers/pci/hotplug/acpiphp_core.o
  CC      security/ipe/policy_fs.o
  CC [M]  net/sched/act_gact.o
  CC      drivers/video/fbdev/core/sysfillrect.o
  AS [M]  lib/crypto/x86/chacha-ssse3-x86_64.o
  AS [M]  lib/crypto/x86/chacha-avx2-x86_64.o
  CC      mm/zswap.o
  AS [M]  lib/crypto/x86/chacha-avx512vl-x86_64.o
  CC [M]  lib/crypto/chacha20poly1305.o
  CC [M]  crypto/algif_skcipher.o
  CC      net/core/fib_notifier.o
  CC      kernel/irq/chip.o
  CC      fs/verity/open.o
  CC      security/ipe/policy_parser.o
  CC [M]  sound/pci/via82xx_modem.o
  CC      security/landlock/domain.o
  CC      drivers/pci/hotplug/acpiphp_glue.o
  CC [M]  net/sched/act_mirred.o
  CC      fs/crypto/keyring.o
  CC      security/ipe/audit.o
  CC [M]  lib/crypto/curve25519.o
  CC      drivers/video/fbdev/core/syscopyarea.o
  CC [M]  crypto/algif_rng.o
  CC      arch/x86/kernel/cpu/rdrand.o
  CC      mm/dmapool.o
  CC [M]  sound/pci/ac97/ac97_codec.o
  CC      fs/verity/read_metadata.o
  CC      net/bpf/bpf_dummy_struct_ops.o
  CC      arch/x86/kernel/cpu/match.o
  CC      net/core/xdp.o
  CC [M]  drivers/pci/hotplug/cpcihp_zt5550.o
  CC      kernel/irq/dummychip.o
  AR      security/landlock/built-in.a
  CC [M]  lib/crypto/curve25519-hacl64.o
  CC [M]  net/sched/act_sample.o
  CC      security/ipe/boot_policy.o
  AR      security/ipe/built-in.a
  CC      security/integrity/iint.o
  CC      drivers/video/fbdev/core/sysimgblt.o
  CC      fs/crypto/keysetup.o
  CC [M]  crypto/algif_aead.o
  CC [M]  drivers/pci/hotplug/cpcihp_generic.o
  CC      mm/hugetlb.o
  CC      arch/x86/kernel/cpu/bugs.o
  AR      net/bpf/built-in.a
  CC      kernel/irq/devres.o
  CC      fs/verity/verify.o
  CC      security/integrity/integrity_audit.o
  CC      arch/x86/kernel/cpu/aperfmperf.o
  CC      drivers/idle/intel_idle.o
  CC [M]  net/sched/act_nat.o
  CC [M]  drivers/pci/hotplug/acpiphp_ibm.o
  CC [M]  crypto/zstd.o
  CC      fs/crypto/keysetup_v1.o
  CC      security/integrity/digsig.o
  CC      drivers/video/fbdev/core/fb_sys_fops.o
  CC      kernel/irq/kexec.o
  CC [M]  crypto/essiv.o
  CC      fs/verity/signature.o
  AR      drivers/idle/built-in.a
  CC      drivers/video/fbdev/efifb.o
  CC      drivers/video/fbdev/simplefb.o
  AR      drivers/pci/hotplug/built-in.a
  CC      drivers/pci/pci-label.o
  CC [M]  lib/crypto/des.o
  CC      fs/crypto/policy.o
  CC [M]  net/sched/act_pedit.o
  CC      net/core/flow_offload.o
  CC      kernel/irq/generic-chip.o
  CC      security/integrity/digsig_asymmetric.o
  AR      fs/verity/built-in.a
  CC [M]  sound/pci/ac97/ac97_pcm.o
  CC      drivers/pci/vgaarb.o
  CC      arch/x86/kernel/cpu/cpuid-deps.o
  CC      arch/x86/kernel/cpu/cpuid_0x2_table.o
  CC      kernel/irq/autoprobe.o
  CC [M]  crypto/ecdh.o
  CC [M]  lib/crypto/poly1305.o
  CC [M]  drivers/video/fbdev/core/svgalib.o
  CC      security/integrity/platform_certs/platform_keyring.o
  CC      drivers/video/videomode.o
  CC      arch/x86/kernel/cpu/umwait.o
  CC [M]  sound/pci/ac97/ac97_proc.o
  CC [M]  crypto/ecdh_helper.o
  CC      net/core/gro.o
  CC [M]  net/sched/act_simple.o
  MKCAP   arch/x86/kernel/cpu/capflags.c
  CC      fs/crypto/bio.o
  CC      security/integrity/platform_certs/machine_keyring.o
  CC      kernel/irq/irqdomain.o
  CC [M]  lib/crypto/poly1305-donna64.o
  CC [M]  sound/pci/ali5451/ali5451.o
  PERLASM lib/crypto/x86/poly1305-x86_64-cryptogams.S
  CC      arch/x86/kernel/acpi/boot.o
  ASN.1   crypto/ecrdsa_params.asn1.[ch]
  ASN.1   crypto/ecrdsa_pub_key.asn1.[ch]
  CC [M]  crypto/ecrdsa_params.asn1.o
  AR      lib/crypto/built-in.a
  LD [M]  lib/crypto/libarc4.o
  CC [M]  crypto/ecrdsa_pub_key.asn1.o
  LD [M]  lib/crypto/libchacha.o
  LD [M]  lib/crypto/libchacha20poly1305.o
  CC [M]  crypto/xor.o
  LD [M]  lib/crypto/libcurve25519.o
  LD [M]  lib/crypto/libdes.o
  LD [M]  sound/pci/ac97/snd-ac97-codec.o
  CC      arch/x86/kernel/acpi/sleep.o
  AS [M]  lib/crypto/x86/poly1305-x86_64-cryptogams.o
  CC      fs/locks.o
  LD [M]  lib/crypto/libpoly1305.o
  CC      lib/iomap.o
  CC      drivers/pci/doe.o
  CC      security/integrity/platform_certs/efi_parser.o
  CC [M]  net/sched/act_skbedit.o
  CC [M]  drivers/video/fbdev/core/fb_ddc.o
  AR      fs/crypto/built-in.a
  AR      drivers/pci/controller/dwc/built-in.a
  AR      drivers/pci/controller/mobiveil/built-in.a
  AR      drivers/pci/controller/plda/built-in.a
  CC [M]  drivers/pci/controller/vmd.o
  CC      net/ethtool/ioctl.o
  CC      security/integrity/platform_certs/load_uefi.o
  LD [M]  sound/pci/ali5451/snd-ali5451.o
  CC [M]  sound/pci/asihpi/asihpi.o
  CC      mm/hugetlb_vmemmap.o
  CC      kernel/irq/proc.o
  CC      lib/iomap_copy.o
  AS      arch/x86/kernel/acpi/wakeup_64.o
  CC [M]  crypto/async_tx/async_tx.o
  CC [M]  drivers/video/vgastate.o
  CC      arch/x86/kernel/acpi/apei.o
  CC [M]  net/sched/act_csum.o
  CC      security/integrity/platform_certs/keyring_handler.o
  CC      net/core/netdev-genl.o
  AR      drivers/pci/controller/built-in.a
  CC      lib/devres.o
  AR      drivers/pci/switch/built-in.a
  CC [M]  drivers/pci/pci-stub.o
  AR      drivers/video/fbdev/core/built-in.a
  CC [M]  drivers/video/fbdev/arcfb.o
  CC      kernel/irq/migration.o
  CC      arch/x86/kernel/acpi/cppc.o
  CC      security/integrity/ima/ima_fs.o
  CC [M]  drivers/pci/pci-pf-stub.o
  CC [M]  crypto/async_tx/async_memcpy.o
  CC [M]  sound/pci/asihpi/hpioctl.o
  CC      kernel/irq/cpuhotplug.o
  CC [M]  drivers/video/fbdev/cyber2000fb.o
  CC      lib/check_signature.o
  CC      mm/mempolicy.o
  CC      fs/binfmt_script.o
  CC [M]  drivers/pci/xen-pcifront.o
  CC [M]  net/sched/act_mpls.o
  CC      lib/btree.o
  CC      security/integrity/ima/ima_queue.o
  CC      arch/x86/kernel/acpi/madt_wakeup.o
  CC      kernel/rcu/update.o
  CC      kernel/irq/pm.o
  CC      fs/binfmt_elf.o
  CC [M]  crypto/async_tx/async_xor.o
  CC [M]  drivers/video/fbdev/pm2fb.o
  CC [M]  sound/pci/asihpi/hpimsginit.o
  CC      net/core/netdev-genl-gen.o
  AS      arch/x86/kernel/acpi/madt_playdead.o
  CC      arch/x86/kernel/acpi/cstate.o
  AR      drivers/pci/built-in.a
  CC      security/integrity/ima/ima_init.o
  CC      lib/interval_tree.o
  CC      net/ethtool/common.o
  CC      kernel/irq/msi.o
  CC [M]  net/sched/act_vlan.o
  CC      kernel/irq/affinity.o
  CC [M]  sound/pci/asihpi/hpicmn.o
  CC      lib/assoc_array.o
  CC      net/core/gso.o
  CC      fs/compat_binfmt_elf.o
  CC [M]  crypto/async_tx/async_pq.o
  CC      security/integrity/ima/ima_main.o
  CC [M]  crypto/async_tx/async_raid6_recov.o
  AR      arch/x86/kernel/acpi/built-in.a
  CC      kernel/irq/matrix.o
  CC [M]  drivers/video/fbdev/pm3fb.o
  CC [M]  sound/pci/asihpi/hpifunc.o
  CC [M]  net/sched/act_bpf.o
  CC      lib/list_debug.o
  CC      kernel/rcu/sync.o
  CC      mm/sparse.o
  CC      kernel/rcu/srcutree.o
  CC      net/ethtool/netlink.o
  CC      lib/bitrev.o
  CC      kernel/rcu/tree.o
  CC [M]  sound/pci/asihpi/hpidebug.o
  AR      kernel/irq/built-in.a
  CC      security/integrity/ima/ima_crypto.o
  CC      fs/backing-file.o
  CC [M]  crypto/krb5/krb5_kdf.o
  CC      net/core/net-sysfs.o
  CC [M]  drivers/video/fbdev/macmodes.o
  CC [M]  net/sched/act_connmark.o
  CC      lib/linear_ranges.o
  CC      net/core/hotdata.o
  CC      crypto/rsapubkey.asn1.o
  CC [M]  drivers/video/fbdev/neofb.o
  CC [M]  sound/pci/asihpi/hpidspcd.o
  CC      mm/sparse-vmemmap.o
  CC      security/integrity/ima/ima_api.o
  CC      lib/packing.o
  CC [M]  crypto/krb5/krb5_api.o
  CC      fs/posix_acl.o
  CC      mm/mmu_notifier.o
  CC [M]  sound/pci/asihpi/hpios.o
  CC [M]  net/sched/act_ctinfo.o
  CC      arch/x86/kernel/cpu/powerflags.o
  CC      drivers/char/ipmi/ipmi_dmi.o
  CC      net/ethtool/bitset.o
  CC [M]  drivers/video/fbdev/tdfxfb.o
  CC [M]  sound/pci/asihpi/hpi6000.o
  CC      net/core/netdev_rx_queue.o
  CC      arch/x86/kernel/cpu/topology.o
  CC      net/netfilter/core.o
  CC      lib/xxhash.o
  CC      security/integrity/ima/ima_policy.o
  CC [M]  crypto/krb5/rfc3961_simplified.o
  CC      mm/ksm.o
  CC [M]  net/sched/act_skbmod.o
  CC      drivers/char/ipmi/ipmi_plat_data.o
  CC      net/ethtool/strset.o
  CC [M]  sound/pci/asihpi/hpi6205.o
  CC      fs/coredump.o
  CC      fs/nfs_common/nfs_ssc.o
  CC [M]  drivers/video/fbdev/vt8623fb.o
  CC      lib/genalloc.o
  CC      arch/x86/kernel/cpu/proc.o
  CC [M]  crypto/krb5/rfc3962_aes.o
  CC      security/integrity/ima/ima_template.o
  CC      net/core/netdev_queues.o
  CC [M]  drivers/char/ipmi/ipmi_msghandler.o
  CC [M]  crypto/krb5/rfc6803_camellia.o
  CC [M]  net/sched/act_ife.o
  CC      net/ethtool/linkinfo.o
  CC      arch/x86/kernel/cpu/feat_ctl.o
  CC [M]  sound/pci/asihpi/hpimsgx.o
  CC [M]  drivers/video/fbdev/tridentfb.o
  CC      net/netfilter/nf_log.o
  CC      net/core/page_pool.o
  CC      kernel/rcu/rcu_segcblist.o
  CC [M]  crypto/krb5/rfc8009_aes2.o
  CC      security/integrity/ima/ima_template_lib.o
  CC      lib/zlib_inflate/inffast.o
  CC      fs/nfs_common/common.o
  CC      arch/x86/kernel/cpu/intel.o
  CC      lib/zlib_inflate/inflate.o
  CC      net/ethtool/linkmodes.o
  AR      kernel/rcu/built-in.a
  LD [M]  crypto/krb5/krb5.o
  CC      kernel/livepatch/core.o
  CC      crypto/rsaprivkey.asn1.o
  CC      crypto/ecdsa-x962.o
  LD [M]  sound/pci/asihpi/snd-asihpi.o
  CC [M]  sound/pci/au88x0/au8810.o
  CC      arch/x86/kernel/cpu/tsx.o
  CC      lib/zlib_inflate/infutil.o
  CC      security/integrity/ima/ima_appraise.o
  CC [M]  drivers/video/fbdev/s3fb.o
  CC      kernel/livepatch/patch.o
  CC      mm/page_poison.o
  CC [M]  fs/nfs_common/nfsacl.o
  CC      lib/zlib_inflate/inftrees.o
  CC [M]  net/sched/act_meta_mark.o
  LD [M]  crypto/aegis128.o
  LD [M]  crypto/crc32c-cryptoapi.o
  LD [M]  crypto/crc32-cryptoapi.o
  LD [M]  crypto/ecdh_generic.o
  CC [M]  crypto/ecrdsa.o
  CC      arch/x86/kernel/cpu/intel_epb.o
  CC      lib/zlib_inflate/inflate_syms.o
  CC      net/ethtool/rss.o
  CC      net/netfilter/nf_queue.o
  CC      net/core/page_pool_user.o
  CC      arch/x86/kernel/cpu/amd.o
  AR      crypto/built-in.a
  CC      security/integrity/ima/ima_kexec.o
  LD [M]  crypto/ecrdsa_generic.o
  CC      kernel/livepatch/shadow.o
  CC      arch/x86/kernel/reboot.o
  CC      mm/kfence/core.o
  CC [M]  net/sched/act_meta_skbprio.o
  CC [M]  drivers/char/ipmi/ipmi_devintf.o
  CC [M]  drivers/char/ipmi/ipmi_si_intf.o
  CC [M]  fs/nfs_common/grace.o
  AR      lib/zlib_inflate/built-in.a
  CC      lib/zlib_deflate/deflate.o
  CC [M]  drivers/video/fbdev/arkfb.o
  CC      security/integrity/ima/ima_asymmetric_keys.o
  CC      net/ethtool/linkstate.o
  CC [M]  sound/pci/au88x0/au8820.o
  CC      lib/zlib_deflate/deftree.o
  CC [M]  net/sched/act_meta_skbtcindex.o
  CC      net/core/net-procfs.o
  CC      kernel/livepatch/state.o
  CC      net/core/netpoll.o
  CC [M]  drivers/char/ipmi/ipmi_kcs_sm.o
  CC      arch/x86/kernel/cpu/amd_cache_disable.o
  CC      security/integrity/ima/ima_queue_keys.o
  CC      drivers/acpi/tables.o
  CC      net/netfilter/nf_sockopt.o
  CC      lib/zlib_deflate/deflate_syms.o
  AR      fs/nfs_common/built-in.a
  LD [M]  fs/nfs_common/nfs_acl.o
  CC      fs/drop_caches.o
  CC [M]  drivers/video/fbdev/hecubafb.o
  CC [M]  net/sched/act_tunnel_key.o
  CC      net/ethtool/debug.o
  CC      mm/kfence/report.o
  CC [M]  drivers/char/ipmi/ipmi_smic_sm.o
  CC      kernel/livepatch/transition.o
  CC      arch/x86/kernel/cpu/hygon.o
  CC      security/integrity/ima/ima_efi.o
  CC      fs/sysctls.o
  CC      net/ipv4/route.o
  AR      lib/zlib_deflate/built-in.a
  CC      lib/lzo/lzo1x_compress.o
  CC [M]  drivers/video/fbdev/n411.o
  CC      fs/fhandle.o
  CC [M]  sound/pci/au88x0/au8830.o
  AR      mm/kfence/built-in.a
  CC [M]  drivers/char/ipmi/ipmi_bt_sm.o
  CC      mm/memtest.o
  CC      net/ethtool/wol.o
  CC      arch/x86/kernel/cpu/centaur.o
  AR      kernel/livepatch/built-in.a
  CC      kernel/dma/mapping.o
  CC      security/integrity/ima/ima_iint.o
  CC      drivers/acpi/osi.o
  CC      net/netfilter/utils.o
  CC [M]  net/sched/act_ct.o
  CC [M]  drivers/video/fbdev/hgafb.o
  CC      mm/migrate.o
  CC      arch/x86/kernel/cpu/zhaoxin.o
  CC      fs/iomap/trace.o
  CC      lib/lzo/lzo1x_compress_safe.o
  CC [M]  drivers/char/ipmi/ipmi_si_hotmod.o
  CC      net/core/fib_rules.o
  CC      net/ethtool/features.o
  AR      security/integrity/ima/built-in.a
  CC      security/integrity/evm/evm_main.o
  CC      arch/x86/kernel/cpu/mce/core.o
  CC      drivers/acpi/osl.o
  CC [M]  drivers/video/fbdev/sstfb.o
  CC [M]  drivers/char/ipmi/ipmi_si_hardcode.o
  CC      lib/lzo/lzo1x_decompress_safe.o
  CC      fs/iomap/iter.o
  CC      net/ethtool/privflags.o
  CC [M]  drivers/char/ipmi/ipmi_si_platform.o
  LD [M]  sound/pci/au88x0/snd-au8810.o
  LD [M]  sound/pci/au88x0/snd-au8820.o
  LD [M]  sound/pci/au88x0/snd-au8830.o
  CC [M]  sound/pci/ctxfi/xfi.o
  CC      net/netfilter/nf_bpf_link.o
  CC      fs/iomap/buffered-io.o
  CC [M]  net/sched/act_gate.o
  CC      security/integrity/evm/evm_crypto.o
  CC [M]  drivers/char/ipmi/ipmi_si_mem_io.o
  CC [M]  drivers/video/fbdev/cirrusfb.o
  CC [M]  sound/pci/ctxfi/ctatc.o
  CC      net/ethtool/rings.o
  AR      lib/lzo/built-in.a
  CC      lib/lz4/lz4_decompress.o
  CC      drivers/acpi/utils.o
  CC      net/core/net-traces.o
  CC      net/ipv4/inetpeer.o
  CC [M]  drivers/char/ipmi/ipmi_si_port_io.o
  CC      net/netfilter/nf_hooks_lwtunnel.o
  CC      kernel/dma/direct.o
  CC      mm/memory-tiers.o
  CC      arch/x86/kernel/cpu/mce/severity.o
  CC [M]  net/sched/sch_htb.o
  CC [M]  drivers/char/ipmi/ipmi_si_pci.o
  CC      net/ethtool/channels.o
  CC [M]  sound/pci/ctxfi/ctvmem.o
  CC      security/integrity/evm/evm_secfs.o
  CC      net/ipv4/protocol.o
  CC      drivers/acpi/reboot.o
  CC      kernel/dma/ops_helpers.o
  CC [M]  drivers/char/ipmi/ipmi_ssif.o
  CC [M]  drivers/video/fbdev/smscufx.o
  CC      arch/x86/kernel/cpu/mce/genpool.o
  CC [M]  sound/pci/ctxfi/ctpcm.o
  CC [M]  lib/lz4/lz4_compress.o
  CC      security/integrity/evm/evm_posix_acl.o
  CC      fs/iomap/direct-io.o
  CC      net/ethtool/coalesce.o
  CC [M]  net/netfilter/nfnetlink.o
  CC      drivers/acpi/nvs.o
  CC      kernel/dma/dummy.o
  CC      mm/migrate_device.o
  CC      arch/x86/kernel/cpu/mce/intel.o
  AR      security/integrity/evm/built-in.a
  AR      security/integrity/built-in.a
  AR      security/built-in.a
  CC      arch/x86/kernel/cpu/mtrr/mtrr.o
  CC [M]  sound/pci/ctxfi/ctmixer.o
  CC [M]  net/sched/sch_hfsc.o
  CC      kernel/dma/swiotlb.o
  CC      drivers/acpi/wakeup.o
  CC [M]  drivers/char/ipmi/ipmi_watchdog.o
  CC      net/ipv4/ip_input.o
  CC      arch/x86/kernel/cpu/mce/amd.o
  CC      net/ethtool/pause.o
  CC [M]  drivers/video/fbdev/uvesafb.o
  CC      fs/iomap/ioend.o
  CC [M]  sound/pci/ctxfi/ctresource.o
  CC      arch/x86/kernel/cpu/mtrr/if.o
  CC [M]  drivers/char/ipmi/ipmi_poweroff.o
  CC      drivers/acpi/sleep.o
  CC [M]  lib/lz4/lz4hc_compress.o
  CC      kernel/dma/pool.o
  CC [M]  net/netfilter/nfnetlink_acct.o
  CC      net/ethtool/eee.o
  CC [M]  net/sched/sch_red.o
  CC [M]  sound/pci/ctxfi/ctsrc.o
  CC      mm/huge_memory.o
  CC      arch/x86/kernel/cpu/mtrr/generic.o
  AR      drivers/char/ipmi/built-in.a
  LD [M]  drivers/char/ipmi/ipmi_si.o
  CC [M]  drivers/video/fbdev/vga16fb.o
  CC      kernel/dma/remap.o
  CC      arch/x86/ia32/audit.o
  AR      arch/x86/ia32/built-in.a
  CC      arch/x86/kernel/early-quirks.o
  CC      fs/iomap/fiemap.o
  CC      net/ethtool/tsinfo.o
  CC      arch/x86/kernel/cpu/mce/threshold.o
  CC [M]  sound/pci/ctxfi/ctamixer.o
  CC      net/ipv4/ip_fragment.o
  AR      kernel/dma/built-in.a
  CC      kernel/entry/common.o
  CC [M]  net/sched/sch_gred.o
  CC      drivers/acpi/device_sysfs.o
  AR      lib/lz4/built-in.a
  CC      lib/zstd/zstd_compress_module.o
  CC [M]  sound/pci/ctxfi/ctdaio.o
  CC [M]  net/netfilter/nfnetlink_queue.o
  CC      arch/x86/kernel/cpu/mtrr/cleanup.o
  CC      arch/x86/kernel/cpu/mce/apei.o
  CC [M]  drivers/video/fbdev/vfb.o
  CC      fs/iomap/seek.o
  CC      net/ethtool/cabletest.o
  CC      net/core/timestamping.o
  CC      kernel/entry/syscall-common.o
  CC [M]  sound/pci/ctxfi/ctimap.o
  CC      lib/zstd/compress/fse_compress.o
  CC      drivers/acpi/device_pm.o
  AR      arch/x86/kernel/cpu/mtrr/built-in.a
  CC [M]  sound/pci/ctxfi/cthardware.o
  CC [M]  drivers/video/fbdev/matrox/matroxfb_base.o
  CC      kernel/entry/syscall_user_dispatch.o
  CC [M]  arch/x86/kernel/cpu/mce/inject.o
  AR      arch/x86/platform/atom/built-in.a
  CC      lib/zstd/compress/hist.o
  CC [M]  net/sched/sch_ingress.o
  AR      arch/x86/platform/ce4100/built-in.a
  CC      arch/x86/platform/efi/memmap.o
  CC      fs/iomap/swapfile.o
  CC      lib/zstd/compress/huf_compress.o
  CC      net/ethtool/tunnels.o
  CC      net/ipv4/ip_forward.o
  CC [M]  sound/pci/ctxfi/cttimer.o
  CC      kernel/entry/virt.o
  CC      arch/x86/platform/efi/quirks.o
  CC [M]  net/netfilter/nfnetlink_log.o
  AR      arch/x86/kernel/cpu/mce/built-in.a
  LD [M]  arch/x86/kernel/cpu/mce/mce-inject.o
  CC      arch/x86/kernel/cpu/microcode/core.o
  CC      net/xfrm/xfrm_policy.o
  CC      net/core/ptp_classifier.o
  CC [M]  net/sched/sch_sfb.o
  CC [M]  sound/pci/ctxfi/cthw20k2.o
  AR      fs/iomap/built-in.a
  CC      fs/quota/dquot.o
  CC      net/ethtool/fec.o
  CC      lib/zstd/compress/zstd_compress.o
  CC      drivers/acpi/proc.o
  CC      net/ipv4/ip_options.o
  CC      arch/x86/kernel/cpu/microcode/intel.o
  CC [M]  drivers/video/fbdev/matrox/matroxfb_accel.o
  AR      kernel/entry/built-in.a
  CC      mm/khugepaged.o
  CC      kernel/unwind/user.o
  CC      drivers/acpi/bus.o
  CC [M]  sound/pci/ctxfi/cthw20k1.o
  CC      kernel/unwind/deferred.o
  CC [M]  net/netfilter/nfnetlink_osf.o
  CC      arch/x86/platform/efi/efi.o
  CC [M]  net/sched/sch_sfq.o
  CC      net/ethtool/eeprom.o
  CC      net/core/netprio_cgroup.o
  CC      arch/x86/kernel/cpu/microcode/amd.o
  AR      kernel/unwind/built-in.a
  CC      kernel/module/main.o
  CC [M]  drivers/video/fbdev/matrox/matroxfb_DAC1064.o
  CC      arch/x86/platform/efi/efi_64.o
  CC      net/ethtool/stats.o
  CC      net/ipv4/ip_output.o
  LD [M]  sound/pci/ctxfi/snd-ctxfi.o
  CC [M]  sound/pci/ca0106/ca0106_main.o
  CC      net/core/netclassid_cgroup.o
  CC      drivers/acpi/glue.o
  CC [M]  net/sched/sch_tbf.o
  CC      fs/quota/quota.o
  AR      arch/x86/kernel/cpu/microcode/built-in.a
  CC      arch/x86/kernel/cpu/resctrl/core.o
  CC      lib/zstd/compress/zstd_compress_literals.o
  CC      lib/zstd/compress/zstd_compress_sequences.o
  AS      arch/x86/platform/efi/efi_stub_64.o
  AS      arch/x86/platform/efi/efi_thunk_64.o
  CC      arch/x86/platform/efi/runtime-map.o
  CC [M]  net/netfilter/nfnetlink_hook.o
  CC      lib/zstd/compress/zstd_compress_superblock.o
  CC      mm/page_counter.o
  CC      arch/x86/kernel/cpu/resctrl/rdtgroup.o
  CC [M]  drivers/video/fbdev/matrox/matroxfb_Ti3026.o
  CC [M]  sound/pci/ca0106/ca0106_mixer.o
  CC [M]  net/sched/sch_teql.o
  CC      lib/zstd/compress/zstd_double_fast.o
  CC      mm/memcontrol.o
  CC      drivers/acpi/scan.o
  CC      fs/quota/kqid.o
  AR      arch/x86/platform/efi/built-in.a
  AR      arch/x86/platform/geode/built-in.a
  AR      arch/x86/platform/iris/built-in.a
  CC      arch/x86/platform/intel/iosf_mbi.o
  CC      net/core/lwtunnel.o
  CC      net/ethtool/phc_vclocks.o
  CC      net/xfrm/xfrm_state.o
  CC      arch/x86/kernel/cpu/resctrl/monitor.o
  CC [M]  sound/pci/ca0106/ca_midi.o
  CC [M]  net/netfilter/nf_conntrack_core.o
  CC      kernel/module/strict_rwx.o
  CC      fs/quota/netlink.o
  CC [M]  net/sched/sch_prio.o
  CC      net/ethtool/mm.o
  CC      arch/x86/kernel/cpu/resctrl/ctrlmondata.o
  CC [M]  drivers/video/fbdev/matrox/matroxfb_misc.o
  CC [M]  sound/pci/ca0106/ca0106_proc.o
  AR      arch/x86/platform/intel/built-in.a
  AR      arch/x86/platform/intel-mid/built-in.a
  AR      arch/x86/platform/intel-quark/built-in.a
  AR      arch/x86/platform/olpc/built-in.a
  AR      arch/x86/platform/scx200/built-in.a
  CC      kernel/module/kmod.o
  AR      arch/x86/platform/ts5500/built-in.a
  AR      arch/x86/platform/uv/built-in.a
  AR      arch/x86/platform/built-in.a
  CC      net/ethtool/module.o
  CC      net/ipv4/ip_sockglue.o
  CC      arch/x86/kernel/cpu/resctrl/pseudo_lock.o
  CC      net/core/lwt_bpf.o
  CC      drivers/acpi/mipi-disco-img.o
  LD [M]  sound/pci/ca0106/snd-ca0106.o
  CC [M]  sound/pci/cs46xx/cs46xx.o
  CC [M]  net/sched/sch_multiq.o
  CC [M]  fs/quota/quota_v1.o
  CC      lib/zstd/compress/zstd_fast.o
  CC      drivers/pnp/core.o
  CC [M]  sound/pci/cs46xx/cs46xx_lib.o
  CC [M]  drivers/video/fbdev/matrox/g450_pll.o
  CC      kernel/module/decompress.o
  AR      arch/x86/kernel/cpu/resctrl/built-in.a
  CC      drivers/acpi/resource.o
  CC      arch/x86/kernel/cpu/sgx/driver.o
  CC      net/ethtool/cmis_fw_update.o
  CC [M]  fs/quota/quota_v2.o
  CC [M]  net/sched/sch_netem.o
  CC      net/core/dst_cache.o
  CC      kernel/module/signing.o
  CC      arch/x86/kernel/cpu/sgx/encl.o
  CC [M]  fs/quota/quota_tree.o
  CC      drivers/pnp/card.o
  CC [M]  net/netfilter/nf_conntrack_standalone.o
  CC      net/ethtool/cmis_cdb.o
  CC      drivers/acpi/acpi_processor.o
  CC      net/ipv4/inet_hashtables.o
  CC [M]  drivers/video/fbdev/matrox/matroxfb_g450.o
  CC [M]  sound/pci/cs46xx/dsp_spos.o
  CC      mm/vmpressure.o
  CC      net/xfrm/xfrm_hash.o
  CC [M]  net/sched/sch_drr.o
  CC      kernel/module/livepatch.o
  CC      drivers/pnp/driver.o
  CC      net/core/gro_cells.o
  CC      net/ethtool/pse-pd.o
  CC      arch/x86/kernel/cpu/sgx/ioctl.o
  CC      lib/zstd/compress/zstd_lazy.o
  AR      fs/quota/built-in.a
  CC      net/xfrm/xfrm_input.o
  CC      fs/proc/task_mmu.o
  CC      kernel/module/tree_lookup.o
  CC      mm/swap_cgroup.o
  CC [M]  sound/pci/cs46xx/dsp_spos_scb_lib.o
  CC      drivers/acpi/processor_core.o
  CC [M]  drivers/video/fbdev/matrox/matroxfb_crtc2.o
  CC [M]  net/netfilter/nf_conntrack_expect.o
  CC      kernel/module/kallsyms.o
  CC [M]  net/sched/sch_plug.o
  CC      drivers/pnp/resource.o
  CC      mm/hugetlb_cgroup.o
  CC      arch/x86/kernel/cpu/sgx/main.o
  CC      kernel/module/procfs.o
  CC [M]  drivers/video/fbdev/matrox/i2c-matroxfb.o
  CC      net/core/skmsg.o
  CC      drivers/acpi/processor_pdc.o
  LD [M]  sound/pci/cs46xx/snd-cs46xx.o
  CC      net/ethtool/plca.o
  CC [M]  net/sched/sch_ets.o
  CC [M]  sound/pci/lola/lola.o
  CC      net/ipv4/inet_timewait_sock.o
  CC      mm/memory-failure.o
  CC      kernel/module/sysfs.o
  CC      drivers/acpi/ec.o
  CC [M]  drivers/video/fbdev/matrox/matroxfb_maven.o
  CC      drivers/pnp/manager.o
  CC [M]  sound/pci/lola/lola_pcm.o
  CC      net/xfrm/xfrm_output.o
  CC      net/ethtool/phy.o
  CC [M]  net/netfilter/nf_conntrack_helper.o
  CC      fs/proc/inode.o
  CC      arch/x86/kernel/cpu/sgx/virt.o
  CC      kernel/module/version.o
  CC [M]  net/sched/sch_mqprio.o
  CC [M]  sound/pci/lola/lola_clock.o
  CC      net/ethtool/tsconfig.o
  CC      drivers/pnp/support.o
  CC      fs/proc/root.o
  CC [M]  drivers/video/fbdev/aty/atyfb_base.o
  AR      kernel/module/built-in.a
  CC      kernel/kcmp.o
  CC [M]  sound/pci/lola/lola_mixer.o
  CC      net/ipv4/inet_connection_sock.o
  CC [M]  net/sched/sch_mqprio_lib.o
  CC      drivers/acpi/dock.o
  AR      arch/x86/kernel/cpu/sgx/built-in.a
  CC      arch/x86/kernel/cpu/perfctr-watchdog.o
  CC      fs/proc/base.o
  CC      net/core/sock_map.o
  CC [M]  net/netfilter/nf_conntrack_proto.o
  AR      net/ethtool/built-in.a
  CC [M]  drivers/video/fbdev/aty/mach64_accel.o
  CC      drivers/pnp/interface.o
  CC      mm/page_isolation.o
  CC      kernel/freezer.o
  CC      net/xfrm/xfrm_sysctl.o
  CC      kernel/profile.o
  LD [M]  sound/pci/lola/snd-lola.o
  CC [M]  sound/pci/lx6464es/lx6464es.o
  CC      drivers/pnp/quirks.o
  CC      drivers/acpi/pci_root.o
  CC [M]  drivers/video/fbdev/aty/mach64_cursor.o
  CC      arch/x86/kernel/cpu/vmware.o
  CC      mm/zsmalloc.o
  CC [M]  net/sched/sch_skbprio.o
  CC      net/xfrm/xfrm_replay.o
  CC [M]  sound/pci/lx6464es/lx_core.o
  CC      drivers/pnp/system.o
  CC      kernel/stacktrace.o
  CC [M]  sound/synth/util_mem.o
  CC [M]  drivers/video/fbdev/aty/mach64_gx.o
  CC      fs/proc/generic.o
  CC      drivers/pnp/pnpacpi/core.o
  CC      arch/x86/kernel/cpu/hypervisor.o
  CC [M]  net/netfilter/nf_conntrack_proto_generic.o
  CC [M]  net/sched/sch_choke.o
  CC      drivers/acpi/pci_link.o
  LD [M]  sound/pci/lx6464es/snd-lx6464es.o
  CC      net/ipv4/tcp.o
  CC [M]  sound/pci/echoaudio/darla20.o
  CC [M]  drivers/video/fbdev/aty/mach64_ct.o
  CC      net/core/bpf_sk_storage.o
  CC      kernel/time/time.o
  CC [M]  sound/synth/emux/emux.o
  CC      arch/x86/kernel/cpu/mshyperv.o
  CC      mm/early_ioremap.o
  CC      drivers/acpi/pci_irq.o
  CC [M]  net/netfilter/nf_conntrack_proto_tcp.o
  CC      drivers/pnp/pnpacpi/rsparser.o
  CC      fs/proc/array.o
  CC      net/xfrm/xfrm_device.o
  CC [M]  drivers/video/fbdev/aty/aty128fb.o
  CC [M]  sound/synth/emux/emux_synth.o
  CC [M]  net/sched/sch_qfq.o
  CC      mm/numa.o
  CC [M]  sound/pci/echoaudio/gina20.o
  CC      drivers/acpi/acpi_apd.o
  AR      drivers/pnp/pnpacpi/built-in.a
  AR      drivers/pnp/built-in.a
  CC      net/core/devmem.o
  CC      kernel/time/timer.o
  CC      fs/proc/fd.o
  CC      kernel/futex/core.o
  CC      arch/x86/kernel/cpu/debugfs.o
  CC [M]  drivers/video/fbdev/aty/radeon_base.o
  CC [M]  sound/synth/emux/emux_seq.o
  CC      mm/numa_memblks.o
  CC      drivers/acpi/acpi_platform.o
  CC [M]  net/netfilter/nf_conntrack_proto_udp.o
  CC [M]  net/sched/sch_codel.o
  CC      arch/x86/kernel/cpu/bus_lock.o
  CC      fs/proc/proc_tty.o
  CC [M]  sound/pci/echoaudio/layla20.o
  CC [M]  sound/synth/emux/emux_nrpn.o
  CC      net/xfrm/xfrm_nat_keepalive.o
  CC [M]  net/core/pktgen.o
  CC      kernel/futex/syscalls.o
  CC      mm/numa_emulation.o
  CC      fs/proc/cmdline.o
  CC      drivers/acpi/acpi_pnp.o
  CC [M]  sound/synth/emux/emux_effect.o
  CC [M]  drivers/video/fbdev/aty/radeon_pm.o
  CC [M]  net/netfilter/nf_conntrack_proto_icmp.o
  CC [M]  net/sched/sch_cake.o
  CC      fs/proc/consoles.o
  CC [M]  sound/synth/emux/emux_hwdep.o
  CC      mm/balloon_compaction.o
  CC      kernel/time/hrtimer.o
  CC      arch/x86/kernel/cpu/capflags.o
  AR      arch/x86/kernel/cpu/built-in.a
  CC      arch/x86/kernel/smp.o
  CC [M]  sound/pci/echoaudio/darla24.o
  CC      drivers/acpi/power.o
  CC      kernel/futex/pi.o
  CC      fs/proc/cpuinfo.o
  CC      net/ipv4/tcp_input.o
  CC [M]  net/netfilter/nf_conntrack_extend.o
  CC [M]  sound/synth/emux/soundfont.o
  CC [M]  drivers/video/fbdev/aty/radeon_monitor.o
  CC      net/xfrm/xfrm_proc.o
  CC      fs/proc/devices.o
  CC      kernel/futex/requeue.o
  CC      drivers/acpi/event.o
  CC      mm/page_ext.o
  CC [M]  net/core/drop_monitor.o
  CC      fs/proc/interrupts.o
  CC [M]  drivers/video/fbdev/aty/radeon_accel.o
  CC [M]  net/xfrm/xfrm_algo.o
  CC      arch/x86/kernel/smpboot.o
  CC [M]  sound/pci/echoaudio/gina24.o
  CC      kernel/time/sleep_timeout.o
  CC      kernel/futex/waitwake.o
  CC      mm/secretmem.o
  CC [M]  sound/synth/emux/emux_proc.o
  CC      fs/proc/loadavg.o
  CC [M]  net/sched/sch_fq.o
  CC [M]  drivers/video/fbdev/aty/radeon_i2c.o
  CC [M]  net/netfilter/nf_conntrack_acct.o
  LD [M]  sound/synth/emux/snd-emux-synth.o
  LD [M]  sound/synth/snd-util-mem.o
  CC      kernel/time/timekeeping.o
  CC      fs/proc/meminfo.o
  CC      lib/zstd/compress/zstd_ldm.o
  CC      drivers/acpi/evged.o
  AR      kernel/futex/built-in.a
  CC      lib/xz/xz_dec_syms.o
  CC      mm/userfaultfd.o
  CC [M]  net/core/selftests.o
  CC      net/unix/af_unix.o
  CC      lib/zstd/compress/zstd_opt.o
  CC [M]  drivers/video/fbdev/aty/radeon_backlight.o
  CC      drivers/acpi/sysfs.o
  CC      fs/proc/stat.o
  CC      arch/x86/kernel/tsc_sync.o
  CC [M]  sound/pci/echoaudio/layla24.o
  CC [M]  net/xfrm/xfrm_user.o
  CC [M]  net/netfilter/nf_conntrack_seqadj.o
  CC      lib/xz/xz_dec_stream.o
  CC [M]  net/sched/sch_hhf.o
  CC      fs/proc/uptime.o
  CC      arch/x86/kernel/setup_percpu.o
  LD [M]  drivers/video/fbdev/aty/atyfb.o
  LD [M]  drivers/video/fbdev/aty/radeonfb.o
  CC [M]  drivers/video/fbdev/sis/sis_main.o
  CC      drivers/acpi/property.o
  CC      lib/xz/xz_dec_lzma2.o
  CC      kernel/time/ntp.o
  CC      fs/proc/util.o
  CC [M]  net/sched/sch_pie.o
  CC [M]  net/core/failover.o
  CC      mm/damon/core.o
  CC      lib/xz/xz_dec_bcj.o
  CC      fs/proc/version.o
  CC      arch/x86/kernel/mpparse.o
  CC      kernel/time/clocksource.o
  CC [M]  sound/pci/echoaudio/mona.o
  CC [M]  net/netfilter/nf_conntrack_proto_icmpv6.o
  AR      lib/xz/built-in.a
  CC      net/ipv4/tcp_output.o
  CC      fs/proc/softirqs.o
  CC      drivers/acpi/debugfs.o
  CC      arch/x86/kernel/apic/apic.o
  CC      arch/x86/kernel/ftrace.o
  CC      lib/zstd/compress/zstd_preSplit.o
  CC      fs/proc/namespaces.o
  CC      net/unix/garbage.o
  CC      lib/zstd/zstd_decompress_module.o
  AR      net/core/built-in.a
  CC      arch/x86/kernel/apic/apic_common.o
  CC [M]  net/netfilter/nf_conntrack_timeout.o
  CC      drivers/acpi/acpi_lpat.o
  CC      kernel/time/jiffies.o
  CC [M]  net/sched/sch_fq_pie.o
  CC      fs/proc/self.o
  CC      mm/damon/ops-common.o
  CC [M]  sound/pci/echoaudio/mia.o
  CC [M]  drivers/video/fbdev/sis/sis_accel.o
  CC [M]  net/xfrm/xfrm_ipcomp.o
  CC [M]  sound/usb/card.o
  CC      lib/zstd/decompress/huf_decompress.o
  CC      net/unix/sysctl_net_unix.o
  CC      fs/proc/thread_self.o
  CC      kernel/dma.o
  CC      kernel/time/timer_list.o
  CC      drivers/acpi/acpi_lpit.o
  CC      mm/damon/vaddr.o
  CC [M]  drivers/video/fbdev/sis/init.o
  CC      fs/proc/proc_sysctl.o
  CC [M]  net/sched/sch_cbs.o
  CC      net/unix/unix_bpf.o
  CC      arch/x86/kernel/apic/apic_noop.o
  CC      kernel/time/timeconv.o
  CC [M]  net/netfilter/nf_conntrack_timestamp.o
  CC [M]  net/xfrm/xfrm_interface_core.o
  CC [M]  sound/pci/echoaudio/echo3g.o
  CC      drivers/acpi/acpi_watchdog.o
  CC      arch/x86/kernel/apic/ipi.o
  CC [M]  sound/usb/clock.o
  CC      arch/x86/net/bpf_jit_comp.o
  CC      mm/damon/paddr.o
  CC [M]  net/sched/sch_etf.o
  CC      kernel/time/timecounter.o
  CC      kernel/time/alarmtimer.o
  CC [M]  net/unix/diag.o
  CC      arch/x86/kernel/apic/vector.o
  CC [M]  net/netfilter/nf_conntrack_ecache.o
  CC [M]  sound/usb/endpoint.o
  CC      lib/zstd/decompress/zstd_ddict.o
  CC      net/ipv4/tcp_timer.o
  CC      mm/damon/sysfs-common.o
  CC      drivers/acpi/prmt.o
  CC      lib/zstd/decompress/zstd_decompress.o
  CC [M]  drivers/video/fbdev/sis/init301.o
  AR      net/xfrm/built-in.a
  LD [M]  net/xfrm/xfrm_interface.o
  CC [M]  sound/usb/fcp.o
  CC      fs/proc/proc_net.o
  CC [M]  net/sched/sch_taprio.o
  AR      net/unix/built-in.a
  LD [M]  net/unix/unix_diag.o
  CC [M]  sound/usb/format.o
  CC [M]  sound/pci/echoaudio/indigo.o
  CC      mm/damon/sysfs-schemes.o
  CC      lib/zstd/decompress/zstd_decompress_block.o
  CC      lib/zstd/zstd_common_module.o
  CC      kernel/time/posix-timers.o
  CC      mm/usercopy.o
  CC      drivers/acpi/acpi_pcc.o
  CC [M]  sound/usb/helper.o
  CC      net/ipv4/tcp_ipv4.o
  CC [M]  net/netfilter/nf_conntrack_labels.o
  CC      fs/proc/kcore.o
  AS      arch/x86/net/bpf_timed_may_goto.o
  CC      arch/x86/kernel/apic/init.o
  AR      arch/x86/net/built-in.a
  CC      net/ipv4/tcp_minisocks.o
  CC      mm/damon/sysfs.o
  CC      drivers/acpi/acpi_mrrm.o
  CC [M]  sound/pci/echoaudio/indigoio.o
  CC      drivers/acpi/acpi_adxl.o
  CC [M]  sound/usb/implicit.o
  CC [M]  net/sched/cls_u32.o
  CC      fs/proc/vmcore.o
  CC [M]  sound/usb/mixer.o
  CC      kernel/time/posix-cpu-timers.o
  CC      arch/x86/kernel/apic/hw_nmi.o
  CC      mm/damon/modules-common.o
  CC [M]  sound/firewire/lib.o
  CC      drivers/acpi/acpica/dsargs.o
  CC      arch/x86/kernel/apic/io_apic.o
  CC [M]  sound/firewire/iso-resources.o
  CC [M]  sound/pci/echoaudio/indigodj.o
  CC [M]  net/netfilter/nf_conntrack_ovs.o
  CC      mm/damon/reclaim.o
  CC      lib/zstd/common/debug.o
  CC      drivers/acpi/acpica/dscontrol.o
  CC      lib/zstd/common/entropy_common.o
  CC      kernel/time/posix-clock.o
  CC      lib/zstd/common/error_private.o
  CC      lib/zstd/common/fse_decompress.o
  CC      fs/proc/kmsg.o
  CC      net/ipv6/af_inet6.o
  CC      drivers/acpi/acpica/dsdebug.o
  CC      drivers/acpi/pci_slot.o
  CC [M]  net/sched/cls_route.o
  CC      mm/damon/lru_sort.o
  CC      drivers/acpi/acpica/dsfield.o
  CC [M]  sound/firewire/packets-buffer.o
  CC [M]  sound/usb/mixer_quirks.o
  CC      fs/proc/page.o
  CC      lib/zstd/common/zstd_common.o
  AR      lib/zstd/built-in.a
  CC      lib/textsearch.o
  CC [M]  sound/pci/echoaudio/indigoiox.o
  CC [M]  sound/firewire/fcp.o
  CC      drivers/acpi/acpica/dsinit.o
  CC [M]  drivers/video/fbdev/sis/initextlfb.o
  AR      mm/damon/built-in.a
  CC      kernel/time/itimer.o
  CC      mm/memremap.o
  CC      net/ipv4/tcp_cong.o
  CC      drivers/acpi/acpica/dsmethod.o
  CC      arch/x86/kernel/apic/msi.o
  CC [M]  net/sched/cls_fw.o
  CC [M]  net/netfilter/nf_conntrack_proto_sctp.o
  CC      net/ipv4/tcp_metrics.o
  LD [M]  drivers/video/fbdev/sis/sisfb.o
  CC      drivers/acpi/acpica/dsmthdat.o
  CC [M]  drivers/video/fbdev/via/viafbdev.o
  CC      lib/percpu_counter.o
  AR      fs/proc/built-in.a
  CC      fs/kernfs/mount.o
  CC      kernel/time/clockevents.o
  CC [M]  sound/firewire/cmp.o
  CC      drivers/acpi/acpica/dsobject.o
  CC [M]  sound/usb/mixer_scarlett.o
  CC [M]  sound/pci/echoaudio/indigodjx.o
  CC      net/ipv6/anycast.o
  CC      mm/hmm.o
  CC [M]  net/sched/cls_basic.o
  CC      drivers/acpi/acpica/dsopcode.o
  CC      arch/x86/kernel/apic/x2apic_phys.o
  CC      fs/kernfs/inode.o
  CC [M]  net/netfilter/nf_conntrack_proto_gre.o
  CC [M]  sound/usb/mixer_scarlett2.o
  CC      lib/iommu-helper.o
  CC [M]  drivers/video/fbdev/via/hw.o
  CC [M]  drivers/video/fbdev/via/via_i2c.o
  CC      lib/syscall.o
  CC      drivers/acpi/acpica/dspkginit.o
  CC      kernel/time/tick-common.o
  CC [M]  sound/firewire/amdtp-stream.o
  CC      arch/x86/kernel/apic/x2apic_cluster.o
  CC      net/ipv4/tcp_fastopen.o
  LD [M]  sound/pci/echoaudio/snd-darla20.o
  LD [M]  sound/pci/echoaudio/snd-gina20.o
  CC      fs/kernfs/dir.o
  LD [M]  sound/pci/echoaudio/snd-layla20.o
  LD [M]  sound/pci/echoaudio/snd-darla24.o
  CC      drivers/acpi/acpica/dsutils.o
  LD [M]  sound/pci/echoaudio/snd-gina24.o
  LD [M]  sound/pci/echoaudio/snd-layla24.o
  LD [M]  sound/pci/echoaudio/snd-mona.o
  CC [M]  net/sched/cls_flow.o
  LD [M]  sound/pci/echoaudio/snd-mia.o
  LD [M]  sound/pci/echoaudio/snd-echo3g.o
  CC      lib/dynamic_debug.o
  LD [M]  sound/pci/echoaudio/snd-indigo.o
  LD [M]  sound/pci/echoaudio/snd-indigoio.o
  CC      net/ipv6/ip6_output.o
  LD [M]  sound/pci/echoaudio/snd-indigodj.o
  LD [M]  sound/pci/echoaudio/snd-indigoiox.o
  LD [M]  sound/pci/echoaudio/snd-indigodjx.o
  CC [M]  sound/pci/emu10k1/emu10k1.o
  CC      arch/x86/kernel/apic/apic_flat_64.o
  CC      drivers/acpi/acpica/dswexec.o
  CC      mm/memfd.o
  CC      arch/x86/purgatory/purgatory.o
  AS      arch/x86/purgatory/stack.o
  AS      arch/x86/purgatory/setup-x86_64.o
  CC      arch/x86/purgatory/sha256.o
  CC [M]  drivers/video/fbdev/via/dvi.o
  CC      drivers/acpi/acpica/dswload.o
  CC [M]  sound/pci/emu10k1/emu10k1_main.o
  CC      kernel/time/tick-broadcast.o
  CC [M]  net/netfilter/nf_conntrack_netlink.o
  CC      net/ipv4/tcp_rate.o
  CC      drivers/acpi/acpica/dswload2.o
  AS      arch/x86/purgatory/entry64.o
  CC      arch/x86/purgatory/string.o
  CC      arch/x86/kernel/apic/probe_64.o
  LD      arch/x86/purgatory/purgatory.ro
  LD      arch/x86/purgatory/purgatory.chk
  AS      arch/x86/purgatory/kexec-purgatory.o
  AR      arch/x86/purgatory/built-in.a
  CC      mm/mapping_dirty_helpers.o
  CC [M]  sound/pci/emu10k1/irq.o
  CC [M]  net/sched/cls_cgroup.o
  CC [M]  drivers/video/fbdev/via/lcd.o
  CC [M]  sound/firewire/amdtp-am824.o
  CC      drivers/acpi/acpica/dswscope.o
  CC      net/packet/af_packet.o
  AR      arch/x86/kernel/apic/built-in.a
  AS      arch/x86/kernel/ftrace_64.o
  CC      fs/kernfs/file.o
  CC [M]  sound/usb/mixer_us16x08.o
  CC      drivers/acpi/acpica/dswstate.o
  CC [M]  sound/pci/emu10k1/memory.o
  CC      kernel/time/tick-broadcast-hrtimer.o
  CC      arch/x86/kernel/trace_clock.o
  CC      lib/errname.o
  CC      lib/nlattr.o
  CC      drivers/acpi/acpica/evevent.o
  CC [M]  drivers/video/fbdev/via/ioctl.o
  CC [M]  net/sched/cls_bpf.o
  CC      arch/x86/kernel/trace.o
  CC      mm/ptdump.o
  CC [M]  sound/firewire/isight.o
  CC      kernel/time/tick-oneshot.o
  CC [M]  sound/usb/mixer_s1810c.o
  CC      drivers/acpi/acpica/evgpe.o
  CC      net/ipv4/tcp_recovery.o
  CC      arch/x86/kernel/rethook.o
  CC [M]  drivers/video/fbdev/via/accel.o
  CC      drivers/acpi/acpica/evgpeblk.o
  CC [M]  net/netfilter/nfnetlink_cttimeout.o
  CC      kernel/time/tick-sched.o
  CC      mm/page_reporting.o
  CC      fs/kernfs/symlink.o
  CC [M]  sound/pci/emu10k1/voice.o
  CC [M]  sound/usb/pcm.o
  CC      net/ipv6/ip6_input.o
  CC      arch/x86/kernel/vmcore_info_64.o
  CC [M]  sound/firewire/dice/dice-transaction.o
  CC [M]  net/sched/cls_flower.o
  CC      drivers/acpi/acpica/evgpeinit.o
  CC [M]  drivers/video/fbdev/via/via_utility.o
  CC      net/ipv4/tcp_ulp.o
  CC      lib/cpu_rmap.o
  CC      arch/x86/kernel/machine_kexec_64.o
  AR      fs/kernfs/built-in.a
  CC      drivers/acpi/acpica/evgpeutil.o
  CC      fs/sysfs/file.o
  CC [M]  sound/firewire/dice/dice-stream.o
  CC [M]  sound/pci/emu10k1/emumpu401.o
  CC      drivers/acpi/acpica/evglock.o
  CC      mm/bootmem_info.o
  CC [M]  net/netfilter/nfnetlink_cthelper.o
  CC [M]  drivers/video/fbdev/via/vt1636.o
  CC      lib/closure.o
  CC      kernel/time/timer_migration.o
  CC      drivers/acpi/acpica/evhandler.o
  AS      arch/x86/kernel/relocate_kernel_64.o
  CC      arch/x86/kernel/kexec-bzimage64.o
  CC [M]  sound/firewire/dice/dice-proc.o
  CC [M]  sound/usb/power.o
  CC      mm/execmem.o
  CC [M]  sound/pci/emu10k1/emupcm.o
  CC      fs/sysfs/dir.o
  CC      drivers/acpi/acpica/evmisc.o
  CC [M]  drivers/video/fbdev/via/global.o
  CC [M]  net/packet/diag.o
  CC [M]  sound/usb/proc.o
  CC      drivers/acpi/acpica/evregion.o
  CC [M]  sound/firewire/dice/dice-midi.o
  CC      net/ipv6/addrconf.o
  CC [M]  net/netfilter/nf_conntrack_amanda.o
  CC      arch/x86/kernel/crash_dump_64.o
  CC      mm/pt_reclaim.o
  CC      net/ipv4/tcp_offload.o
  CC      lib/dynamic_queue_limits.o
  CC      fs/sysfs/symlink.o
  CC      drivers/acpi/acpica/evrgnini.o
  CC [M]  drivers/video/fbdev/via/tblDPASetting.o
  CC [M]  sound/usb/quirks.o
  CC [M]  sound/pci/emu10k1/io.o
  CC [M]  sound/firewire/dice/dice-pcm.o
  CC      kernel/time/vsyscall.o
  CC      arch/x86/kernel/crash.o
  AR      net/packet/built-in.a
  LD [M]  net/packet/af_packet_diag.o
  CC      kernel/time/timekeeping_debug.o
  CC      drivers/acpi/acpica/evsci.o
  CC [M]  mm/hwpoison-inject.o
  CC [M]  net/sched/cls_matchall.o
  CC      kernel/smp.o
  CC [M]  drivers/video/fbdev/via/viamode.o
  CC      drivers/acpi/acpica/evxface.o
  CC [M]  sound/firewire/dice/dice-hwdep.o
  CC      kernel/time/namespace.o
  CC      arch/x86/kernel/kprobes/core.o
  AR      mm/built-in.a
  CC      fs/sysfs/mount.o
  CC [M]  sound/pci/emu10k1/emumixer.o
  CC [M]  sound/usb/stream.o
  CC [M]  drivers/video/fbdev/via/via-core.o
  CC [M]  net/netfilter/nf_conntrack_ftp.o
  CC      lib/glob.o
  CC      drivers/acpi/processor_driver.o
  CC      drivers/acpi/acpica/evxfevnt.o
  CC [M]  net/sched/em_cmp.o
  CC [M]  sound/firewire/dice/dice.o
  AR      kernel/time/built-in.a
  AR      drivers/amba/built-in.a
  CC [M]  sound/pci/ice1712/ice1712.o
  CC      arch/x86/kernel/kprobes/opt.o
  CC      fs/sysfs/group.o
  CC      net/ipv4/tcp_plb.o
  CC      arch/x86/virt/svm/sev.o
  CC [M]  sound/usb/validate.o
  CC [M]  sound/firewire/dice/dice-tcelectronic.o
  CC      drivers/acpi/acpica/evxfgpe.o
  CC [M]  sound/pci/emu10k1/emufx.o
  CC [M]  net/sched/em_nbyte.o
  CC      lib/dim/dim.o
  CC      kernel/uid16.o
  CC [M]  drivers/video/fbdev/via/via-gpio.o
  CC [M]  sound/usb/media.o
  CC      arch/x86/kernel/kprobes/ftrace.o
  CC [M]  sound/firewire/dice/dice-alesis.o
  AR      fs/sysfs/built-in.a
  CC      fs/devpts/inode.o
  CC      drivers/acpi/acpica/evxfregn.o
  CC [M]  net/sched/em_u32.o
  CC [M]  sound/pci/ice1712/delta.o
  CC      lib/dim/net_dim.o
  CC      kernel/module_signature.o
  CC [M]  net/netfilter/nf_conntrack_h323_main.o
  AR      arch/x86/kernel/kprobes/built-in.a
  CC      kernel/kallsyms.o
  CC      arch/x86/kernel/module.o
  CC [M]  drivers/video/fbdev/via/via_modesetting.o
  CC [M]  sound/usb/midi.o
  CC [M]  sound/firewire/dice/dice-extension.o
  CC      arch/x86/virt/svm/cmdline.o
  CC      drivers/acpi/acpica/exconcat.o
  CC      net/ipv4/datagram.o
  AR      arch/x86/virt/svm/built-in.a
  AR      fs/devpts/built-in.a
  AR      arch/x86/virt/vmx/built-in.a
  CC      fs/ramfs/inode.o
  AR      arch/x86/virt/built-in.a
  CC [M]  sound/usb/misc/ua101.o
  CC [M]  drivers/video/fbdev/via/via_clock.o
  CC      arch/x86/kernel/early_printk.o
  CC [M]  net/sched/em_meta.o
  CC [M]  sound/firewire/dice/dice-mytek.o
  CC [M]  sound/pci/ice1712/hoontech.o
  CC      drivers/acpi/acpica/exconfig.o
  CC      net/ipv6/addrlabel.o
  CC      fs/ramfs/file-mmu.o
  CC [M]  sound/pci/emu10k1/timer.o
  CC      drivers/acpi/acpica/exconvrt.o
  CC [M]  sound/firewire/dice/dice-presonus.o
  CC      arch/x86/kernel/hpet.o
  CC [M]  drivers/video/fbdev/via/via_aux.o
  CC [M]  sound/pci/ice1712/ews.o
  CC      lib/dim/rdma_dim.o
  CC      kernel/acct.o
  LD [M]  sound/usb/misc/snd-ua101.o
  CC [M]  net/netfilter/nf_conntrack_h323_asn1.o
  CC      drivers/acpi/acpica/excreate.o
  CC [M]  sound/pci/emu10k1/p16v.o
  AR      fs/ramfs/built-in.a
  CC      fs/hugetlbfs/inode.o
  CC [M]  sound/firewire/dice/dice-harman.o
  CC [M]  sound/usb/usx2y/usbusx2y.o
  CC [M]  net/sched/em_text.o
  CC      net/ipv6/route.o
  CC      drivers/acpi/acpica/exdebug.o
  CC      net/ipv4/raw.o
  CC      net/ipv4/udp.o
  CC [M]  drivers/video/fbdev/via/via_aux_edid.o
  CC [M]  sound/pci/ice1712/ak4xxx.o
  AR      lib/dim/built-in.a
  CC      lib/digsig.o
  CC [M]  sound/firewire/dice/dice-focusrite.o
  CC      kernel/vmcore_info.o
  CC [M]  net/netfilter/nf_conntrack_irc.o
  CC      drivers/acpi/acpica/exdump.o
  CC [M]  sound/pci/emu10k1/emuproc.o
  CC [M]  sound/usb/usx2y/usX2Yhwdep.o
  CC      arch/x86/kernel/amd_nb.o
  CC [M]  drivers/video/fbdev/via/via_aux_vt1636.o
  CC [M]  net/sched/em_canid.o
  CC      drivers/acpi/acpica/exfield.o
  CC [M]  sound/firewire/dice/dice-weiss.o
  CC      drivers/acpi/acpica/exfldio.o
  CC [M]  sound/usb/usx2y/usx2yhwdeppcm.o
  AR      fs/hugetlbfs/built-in.a
  CC [M]  sound/pci/emu10k1/emu10k1_synth.o
  CC      fs/exportfs/expfs.o
  CC      lib/strncpy_from_user.o
  CC [M]  sound/pci/ice1712/ice1724.o
  CC [M]  drivers/video/fbdev/via/via_aux_vt1632.o
  CC      kernel/elfcorehdr.o
  LD [M]  sound/firewire/dice/snd-dice.o
  CC [M]  sound/firewire/oxfw/oxfw-command.o
  CC [M]  net/sched/em_ipset.o
  CC      drivers/acpi/acpica/exmisc.o
  CC      arch/x86/kernel/amd_node.o
  CC [M]  sound/pci/emu10k1/emu10k1_callback.o
  CC [M]  drivers/video/fbdev/via/via_aux_vt1631.o
  CC [M]  net/netfilter/nf_conntrack_broadcast.o
  CC      drivers/acpi/acpica/exmutex.o
  AR      fs/exportfs/built-in.a
  CC      lib/strnlen_user.o
  CC      fs/nls/nls_base.o
  CC [M]  fs/nls/nls_cp437.o
  CC [M]  sound/firewire/oxfw/oxfw-stream.o
  CC      kernel/crash_reserve.o
  CC [M]  sound/usb/usx2y/us122l.o
  CC [M]  sound/pci/emu10k1/emu10k1_patch.o
  CC [M]  net/sched/em_ipt.o
  CC      drivers/acpi/acpica/exnames.o
  CC [M]  sound/pci/ice1712/amp.o
  CC [M]  drivers/video/fbdev/via/via_aux_vt1625.o
  CC      drivers/acpi/acpica/exoparg1.o
  CC      arch/x86/kernel/kvm.o
  CC      kernel/kexec_core.o
  CC [M]  arch/x86/kvm/../../../virt/kvm/kvm_main.o
  CC [M]  sound/pci/emu10k1/emu10k1x.o
  CC      lib/net_utils.o
  CC [M]  sound/firewire/oxfw/oxfw-pcm.o
  CC      drivers/acpi/acpica/exoparg2.o
  CC [M]  sound/pci/ice1712/revo.o
  CC [M]  fs/nls/nls_cp737.o
  CC [M]  drivers/video/fbdev/via/via_aux_vt1622.o
  LD [M]  sound/usb/usx2y/snd-usb-usx2y.o
  LD [M]  sound/usb/usx2y/snd-usb-us122l.o
  CC [M]  sound/usb/caiaq/device.o
  CC      drivers/acpi/acpica/exoparg3.o
  CC [M]  fs/nls/nls_cp775.o
  CC      net/ipv4/udplite.o
  CC [M]  net/netfilter/nf_conntrack_netbios_ns.o
  CC [M]  sound/firewire/oxfw/oxfw-proc.o
  CC [M]  sound/pci/ice1712/aureon.o
  CC      drivers/acpi/acpica/exoparg6.o
  CC      lib/sg_pool.o
  CC      kernel/crash_core.o
  AR      net/sched/built-in.a
  CC      net/ipv4/udp_offload.o
  CC [M]  drivers/video/fbdev/via/via_aux_vt1621.o
  LD [M]  sound/pci/emu10k1/snd-emu10k1.o
  CC [M]  fs/nls/nls_cp850.o
  LD [M]  sound/pci/emu10k1/snd-emu10k1-synth.o
  LD [M]  sound/pci/emu10k1/snd-emu10k1x.o
  CC [M]  sound/usb/caiaq/audio.o
  CC [M]  sound/firewire/oxfw/oxfw-midi.o
  CC      drivers/acpi/acpica/exprep.o
  CC [M]  drivers/video/fbdev/kyro/STG4000Ramdac.o
  CC      arch/x86/kernel/kvmclock.o
  CC [M]  net/netfilter/nf_conntrack_snmp.o
  CC [M]  fs/nls/nls_cp852.o
  CC      drivers/acpi/acpica/exregion.o
  CC [M]  drivers/video/fbdev/via/via_aux_sii164.o
  CC      net/ipv6/ip6_fib.o
  CC [M]  sound/pci/ice1712/vt1720_mobo.o
  CC [M]  sound/firewire/oxfw/oxfw-hwdep.o
  CC      lib/memregion.o
  CC [M]  drivers/video/fbdev/kyro/STG4000VTG.o
  CC      drivers/acpi/acpica/exresnte.o
  CC [M]  sound/pci/ice1712/pontis.o
  CC [M]  fs/nls/nls_cp855.o
  CC [M]  sound/usb/caiaq/midi.o
  CC      kernel/kexec.o
  CC [M]  drivers/video/fbdev/via/via_aux_ch7301.o
  CC      net/ipv6/ipv6_sockglue.o
  CC      drivers/acpi/acpica/exresolv.o
  CC [M]  sound/firewire/oxfw/oxfw-spkr.o
  CC [M]  drivers/video/fbdev/kyro/STG4000OverlayDevice.o
  CC [M]  fs/nls/nls_cp857.o
  CC      lib/irq_poll.o
  CC      arch/x86/kernel/paravirt.o
  CC [M]  sound/usb/caiaq/control.o
  CC      drivers/acpi/acpica/exresop.o
  CC [M]  sound/pci/ice1712/prodigy192.o
  LD [M]  drivers/video/fbdev/via/viafb.o
  CC      kernel/kexec_file.o
  CC [M]  fs/nls/nls_cp860.o
  CC      net/ipv4/arp.o
  CC      arch/x86/kernel/paravirt-spinlocks.o
  CC [M]  sound/firewire/oxfw/oxfw-scs1x.o
  CC [M]  drivers/video/fbdev/kyro/STG4000InitDevice.o
  CC [M]  net/netfilter/nf_conntrack_pptp.o
  CC      drivers/acpi/acpica/exserial.o
  CC [M]  drivers/video/fbdev/kyro/fbdev.o
  CC [M]  sound/usb/caiaq/input.o
  CC [M]  fs/nls/nls_cp861.o
  CC [M]  sound/pci/ice1712/prodigy_hifi.o
  CC      lib/stackdepot.o
  CC      drivers/acpi/acpica/exstore.o
  CC [M]  net/netfilter/nf_conntrack_sane.o
  CC [M]  sound/firewire/oxfw/oxfw.o
  CC      kernel/compat.o
  CC [M]  fs/nls/nls_cp862.o
  CC      arch/x86/kernel/pvclock.o
  CC      drivers/acpi/acpica/exstoren.o
  LD [M]  drivers/video/fbdev/kyro/kyrofb.o
  CC [M]  drivers/video/fbdev/savage/savagefb_driver.o
  LD [M]  sound/usb/caiaq/snd-usb-caiaq.o
  CC [M]  sound/usb/6fire/chip.o
  CC      drivers/acpi/acpica/exstorob.o
  CC [M]  sound/pci/ice1712/juli.o
  CC [M]  sound/usb/6fire/comm.o
  LD [M]  sound/firewire/oxfw/snd-oxfw.o
  CC [M]  fs/nls/nls_cp863.o
  CC [M]  sound/firewire/fireworks/fireworks_transaction.o
  CC [M]  arch/x86/kvm/../../../virt/kvm/eventfd.o
  CC      net/ipv6/ndisc.o
  CC [M]  sound/firewire/bebob/bebob_command.o
  CC      lib/asn1_decoder.o
  CC      drivers/acpi/acpica/exsystem.o
  CC      net/ipv6/udp.o
  CC [M]  net/netfilter/nf_conntrack_sip.o
  CC      arch/x86/kernel/pmem.o
  CC [M]  fs/nls/nls_cp864.o
  CC [M]  sound/usb/6fire/midi.o
  CC [M]  sound/pci/ice1712/phase.o
  CC      drivers/acpi/acpica/extrace.o
  CC [M]  sound/firewire/fireworks/fireworks_command.o
  CC [M]  sound/firewire/bebob/bebob_stream.o
  CC      kernel/cgroup/cgroup.o
  CC      net/ipv4/icmp.o
  CC [M]  fs/nls/nls_cp865.o
  CC      arch/x86/kernel/pcspeaker.o
  CC      drivers/acpi/acpica/exutils.o
  CC [M]  sound/usb/6fire/control.o
  LD [M]  drivers/video/fbdev/savage/savagefb.o
  CC [M]  drivers/video/fbdev/mb862xx/mb862xxfbdrv.o
  CC      lib/fonts/fonts.o
  CC [M]  sound/pci/ice1712/wtm.o
  CC [M]  sound/firewire/fireworks/fireworks_stream.o
  CC      drivers/acpi/acpica/hwacpi.o
  CC [M]  fs/nls/nls_cp866.o
  CC      arch/x86/kernel/uprobes.o
  CC [M]  sound/firewire/bebob/bebob_proc.o
  CC [M]  sound/usb/6fire/firmware.o
  CC [M]  arch/x86/kvm/../../../virt/kvm/binary_stats.o
  CC      drivers/acpi/acpica/hwesleep.o
  CC [M]  fs/nls/nls_cp869.o
  CC [M]  sound/pci/ice1712/se.o
  CC [M]  drivers/video/fbdev/mb862xx/mb862xxfb_accel.o
  CC [M]  sound/firewire/fireworks/fireworks_proc.o
  CC      lib/fonts/font_8x8.o
  CC      lib/fonts/font_8x16.o
  CC      drivers/acpi/acpica/hwgpe.o
  CC [M]  sound/firewire/bebob/bebob_midi.o
  CC [M]  sound/usb/6fire/pcm.o
  CC [M]  fs/nls/nls_cp874.o
  CC [M]  arch/x86/kvm/../../../virt/kvm/vfio.o
  CC      drivers/acpi/acpica/hwregs.o
  CC      arch/x86/kernel/perf_regs.o
  CC [M]  sound/firewire/fireworks/fireworks_midi.o
  CC [M]  sound/pci/ice1712/maya44.o
  CC [M]  drivers/video/fbdev/mb862xx/mb862xx-i2c.o
  CC [M]  sound/firewire/bebob/bebob_pcm.o
  CC [M]  fs/nls/nls_cp932.o
  CC      lib/fonts/font_ter16x32.o
  CC [M]  fs/nls/nls_euc-jp.o
  CC [M]  net/netfilter/nf_conntrack_tftp.o
  CC      drivers/acpi/acpica/hwsleep.o
  LD [M]  sound/usb/6fire/snd-usb-6fire.o
  CC [M]  sound/usb/hiface/chip.o
  CC [M]  arch/x86/kvm/../../../virt/kvm/coalesced_mmio.o
  CC [M]  sound/firewire/fireworks/fireworks_pcm.o
  CC      drivers/acpi/acpica/hwvalid.o
  AR      lib/fonts/built-in.a
  CC      arch/x86/kernel/itmt.o
  GEN     lib/oid_registry_data.c
  CC      net/ipv4/devinet.o
  CC      lib/ucs2_string.o
  CC [M]  sound/pci/ice1712/quartet.o
  CC      net/ipv6/udplite.o
  CC [M]  sound/pci/ice1712/psc724.o
  LD [M]  drivers/video/fbdev/mb862xx/mb862xxfb.o
  CC [M]  fs/nls/nls_cp936.o
  AR      drivers/video/fbdev/built-in.a
  CC [M]  sound/firewire/bebob/bebob_hwdep.o
  AR      drivers/video/built-in.a
  CC [M]  sound/pci/ice1712/wm8766.o
  CC      drivers/acpi/acpica/hwxface.o
  CC [M]  sound/usb/hiface/pcm.o
  CC      arch/x86/kernel/umip.o
  CC [M]  sound/firewire/fireworks/fireworks_hwdep.o
  CC [M]  arch/x86/kvm/../../../virt/kvm/async_pf.o
  CC [M]  fs/nls/nls_cp949.o
  CC      net/ipv4/af_inet.o
  CC [M]  sound/firewire/digi00x/amdtp-dot.o
  CC [M]  sound/firewire/bebob/bebob_terratec.o
  CC [M]  sound/pci/ice1712/wm8776.o
  CC      lib/sbitmap.o
  CC      net/ipv6/raw.o
  CC      drivers/acpi/acpica/hwxfsleep.o
  LD [M]  sound/usb/hiface/snd-usb-hiface.o
  CC [M]  sound/usb/bcd2000/bcd2000.o
  CC [M]  net/netfilter/nf_log_syslog.o
  CC [M]  sound/firewire/fireworks/fireworks.o
  CC [M]  fs/nls/nls_cp950.o
  CC      arch/x86/kernel/unwind_orc.o
  CC [M]  sound/firewire/bebob/bebob_yamaha_terratec.o
  CC [M]  sound/firewire/digi00x/digi00x-stream.o
  LD [M]  sound/pci/ice1712/snd-ice1712.o
  LD [M]  sound/pci/ice1712/snd-ice17xx-ak4xxx.o
  LD [M]  sound/pci/ice1712/snd-ice1724.o
  CC [M]  arch/x86/kvm/../../../virt/kvm/irqchip.o
  CC [M]  sound/pci/korg1212/korg1212.o
  CC      drivers/acpi/acpica/hwpci.o
  LD [M]  sound/usb/bcd2000/snd-bcd2000.o
  CC [M]  sound/usb/line6/capture.o
  CC [M]  fs/nls/nls_cp1250.o
  CC [M]  sound/firewire/bebob/bebob_focusrite.o
  LD [M]  sound/firewire/fireworks/snd-fireworks.o
  CC [M]  sound/pci/mixart/mixart.o
  CC      lib/group_cpus.o
  CC      drivers/acpi/acpica/nsaccess.o
  CC [M]  sound/firewire/digi00x/digi00x-proc.o
  CC      kernel/cgroup/rstat.o
  CC [M]  fs/nls/nls_cp1251.o
  CC [M]  arch/x86/kvm/../../../virt/kvm/dirty_ring.o
  CC      arch/x86/kernel/callthunks.o
  CC      drivers/acpi/acpica/nsalloc.o
  CC [M]  sound/firewire/bebob/bebob_maudio.o
  CC [M]  sound/usb/line6/driver.o
  CC [M]  net/netfilter/nf_nat_core.o
  LD [M]  sound/pci/korg1212/snd-korg1212.o
  CC [M]  arch/x86/kvm/../../../virt/kvm/pfncache.o
  CC [M]  sound/firewire/digi00x/digi00x-pcm.o
  CC      net/ipv6/icmp.o
  CC [M]  fs/nls/nls_ascii.o
  CC      drivers/acpi/acpica/nsarguments.o
  CC [M]  sound/pci/mixart/mixart_core.o
  CC      arch/x86/kernel/cet.o
  CC      lib/pldmfw/pldmfw.o
  CC      kernel/cgroup/namespace.o
  CC [M]  sound/firewire/bebob/bebob.o
  CC [M]  sound/pci/mixart/mixart_hwdep.o
  CC      drivers/acpi/acpica/nsconvert.o
  CC      net/ipv4/igmp.o
  CC [M]  sound/firewire/digi00x/digi00x-hwdep.o
  CC [M]  fs/nls/nls_iso8859-1.o
  CC [M]  fs/nls/nls_iso8859-2.o
  CC [M]  arch/x86/kvm/../../../virt/kvm/guest_memfd.o
  CC [M]  sound/firewire/digi00x/digi00x-transaction.o
  CC      drivers/acpi/acpica/nsdump.o
  CC [M]  sound/usb/line6/midi.o
  CC      arch/x86/kernel/shstk.o
  CC      net/devlink/core.o
  LD [M]  sound/firewire/bebob/snd-bebob.o
  CC      arch/x86/kernel/audit_64.o
  LD [M]  sound/usb/snd-usb-audio.o
  CC [M]  sound/pci/mixart/mixart_mixer.o
  CC [M]  fs/nls/nls_iso8859-3.o
  CC      net/ipv6/mcast.o
  CC      drivers/acpi/acpica/nseval.o
  CC [M]  sound/firewire/digi00x/digi00x-midi.o
  CC      kernel/cgroup/cgroup-v1.o
  AR      lib/pldmfw/built-in.a
  CC      lib/fw_table.o
  CC      drivers/acpi/acpica/nsinit.o
  CC      net/devlink/netlink.o
  CC [M]  fs/nls/nls_iso8859-4.o
  CC      arch/x86/kernel/amd_gart_64.o
  LD [M]  sound/pci/mixart/snd-mixart.o
  CC [M]  sound/usb/line6/midibuf.o
  CC [M]  net/netfilter/nf_nat_proto.o
  CC [M]  net/netfilter/nf_nat_helper.o
  CC [M]  sound/pci/nm256/nm256.o
  CC [M]  sound/firewire/digi00x/digi00x.o
  CC      drivers/acpi/acpica/nsload.o
  CC [M]  fs/nls/nls_iso8859-5.o
  CC [M]  arch/x86/kvm/x86.o
  CC [M]  sound/usb/line6/pcm.o
  CC      drivers/acpi/acpica/nsnames.o
  CC [M]  lib/test_bpf.o
  LD [M]  sound/firewire/digi00x/snd-firewire-digi00x.o
  CC [M]  fs/nls/nls_iso8859-6.o
  CC [M]  sound/firewire/tascam/tascam-proc.o
  CC [M]  sound/firewire/motu/motu.o
  CC      arch/x86/kernel/aperture_64.o
  LD [M]  sound/pci/nm256/snd-nm256.o
  CC [M]  sound/pci/oxygen/oxygen_io.o
  CC      drivers/acpi/acpica/nsobject.o
  CC [M]  fs/nls/nls_iso8859-7.o
  CC [M]  sound/firewire/tascam/amdtp-tascam.o
  CC [M]  sound/firewire/motu/amdtp-motu.o
  CC      kernel/cgroup/freezer.o
  CC      net/ipv4/fib_frontend.o
  CC      drivers/acpi/acpica/nsparse.o
  CC [M]  fs/nls/nls_cp1255.o
  CC      arch/x86/kernel/mmconf-fam10h_64.o
  CC [M]  sound/usb/line6/playback.o
  CC      net/devlink/netlink_gen.o
  CC      drivers/acpi/acpica/nspredef.o
  CC      net/ipv6/reassembly.o
  CC [M]  sound/firewire/tascam/tascam-stream.o
  CC [M]  sound/pci/oxygen/oxygen_lib.o
  CC [M]  fs/nls/nls_iso8859-9.o
  CC      kernel/cgroup/legacy_freezer.o
  CC [M]  net/netfilter/nf_nat_redirect.o
  CC      drivers/acpi/acpica/nsprepkg.o
  CC      arch/x86/kernel/vsmp_64.o
  CC [M]  sound/firewire/motu/motu-transaction.o
  CC [M]  sound/usb/line6/pod.o
  CC      net/devlink/dev.o
  CC [M]  fs/nls/nls_iso8859-13.o
  CC [M]  sound/pci/oxygen/oxygen_mixer.o
  CC      drivers/acpi/acpica/nsrepair.o
  CC [M]  arch/x86/kernel/msr.o
  CC [M]  sound/firewire/tascam/tascam-pcm.o
  CC      kernel/cgroup/pids.o
  CC [M]  sound/firewire/motu/motu-stream.o
  CC [M]  lib/test_firmware.o
  CC      drivers/acpi/acpica/nsrepair2.o
  CC [M]  sound/usb/line6/podhd.o
  CC      net/ipv6/tcp_ipv6.o
  CC [M]  fs/nls/nls_iso8859-14.o
  AR      net/dsa/built-in.a
  CC      kernel/cgroup/rdma.o
  CC [M]  sound/pci/oxygen/oxygen_pcm.o
  CC [M]  sound/firewire/tascam/tascam-hwdep.o
  CC [M]  arch/x86/kernel/cpuid.o
  CC      drivers/acpi/acpica/nssearch.o
  CC [M]  fs/nls/nls_iso8859-15.o
  CC [M]  sound/firewire/motu/motu-proc.o
  CC [M]  sound/usb/line6/toneport.o
  CC      net/ipv4/fib_semantics.o
  CC      fs/unicode/utf8-norm.o
  CC [M]  lib/test_static_keys.o
  CC      drivers/acpi/acpica/nsutils.o
  LDS     arch/x86/kernel/vmlinux.lds
  AR      arch/x86/kernel/built-in.a
  CC [M]  fs/nls/nls_koi8-r.o
  CC [M]  sound/firewire/tascam/tascam-transaction.o
  CC [M]  sound/firewire/tascam/tascam-midi.o
  CC [M]  net/netfilter/nf_nat_masquerade.o
  CC [M]  sound/firewire/motu/motu-pcm.o
  CC [M]  sound/pci/oxygen/oxygen.o
  CC [M]  lib/test_static_key_base.o
  CC [M]  sound/usb/line6/variax.o
  CC      drivers/acpi/acpica/nswalk.o
  CC      kernel/cgroup/cpuset.o
  CC      fs/unicode/utf8-core.o
  CC [M]  fs/nls/nls_koi8-u.o
  LD [M]  sound/usb/line6/snd-usb-line6.o
  CC [M]  sound/firewire/tascam/tascam.o
  CC      kernel/utsname.o
  CC      drivers/acpi/acpica/nsxfeval.o
  CC      net/devlink/port.o
  CC [M]  sound/firewire/motu/motu-midi.o
  LD [M]  sound/usb/line6/snd-usb-pod.o
  LD [M]  sound/usb/line6/snd-usb-podhd.o
  LD [M]  sound/usb/line6/snd-usb-toneport.o
  LD [M]  sound/usb/line6/snd-usb-variax.o
  LD [M]  sound/usb/snd-usbmidi-lib.o
  COPY    fs/unicode/utf8data.c
  CC [M]  sound/firewire/motu/motu-hwdep.o
  CC [M]  fs/nls/nls_koi8-ru.o
  CC [M]  sound/pci/oxygen/xonar_dg_mixer.o
  CC [M]  lib/bch.o
  CC      drivers/acpi/acpica/nsxfname.o
  LD [M]  sound/firewire/tascam/snd-firewire-tascam.o
  CC      fs/unicode/utf8data.o
  CC [M]  sound/pci/pcxhr/pcxhr.o
  CC [M]  fs/nls/nls_utf8.o
  CC      net/strparser/strparser.o
  CC [M]  sound/firewire/motu/motu-protocol-v2.o
  CC [M]  fs/nls/mac-celtic.o
  CC [M]  sound/pci/oxygen/xonar_dg.o
  CC      drivers/acpi/processor_thermal.o
  CC      net/ipv6/ping.o
  CC [M]  net/netfilter/nf_nat_ovs.o
  CC [M]  fs/nls/mac-centeuro.o
  CC      drivers/acpi/acpica/nsxfobj.o
  CC [M]  sound/firewire/motu/motu-protocol-v3.o
  AR      fs/unicode/built-in.a
  CC [M]  sound/pci/oxygen/virtuoso.o
  CC [M]  sound/firewire/motu/motu-protocol-v1.o
  CC      net/ipv4/fib_trie.o
  CC [M]  sound/pci/pcxhr/pcxhr_hwdep.o
  AR      arch/x86/built-in.a
  CC [M]  fs/nls/mac-croatian.o
  CC [M]  sound/pci/riptide/riptide.o
  CC [M]  lib/ts_kmp.o
  CC      drivers/acpi/acpica/psargs.o
  CC [M]  sound/pci/oxygen/xonar_lib.o
  CC      net/devlink/sb.o
  CC      fs/fuse/trace.o
  CC [M]  sound/firewire/motu/motu-register-dsp-message-parser.o
  CC [M]  fs/nls/mac-cyrillic.o
  AR      net/strparser/built-in.a
  CC [M]  net/netfilter/nf_nat_amanda.o
  CC [M]  sound/pci/pcxhr/pcxhr_mixer.o
  CC [M]  lib/ts_bm.o
  CC      kernel/cgroup/misc.o
  CC      drivers/acpi/acpica/psloop.o
  CC [M]  sound/pci/oxygen/xonar_pcm179x.o
  CC [M]  fs/nls/mac-gaelic.o
  CC      fs/fuse/dev.o
  CC [M]  sound/firewire/motu/motu-command-dsp-message-parser.o
  CC      drivers/acpi/acpica/psobject.o
  LD [M]  sound/pci/riptide/snd-riptide.o
  CC [M]  lib/ts_fsm.o
  CC      drivers/clk/clk-devres.o
  CC      net/ipv6/exthdrs.o
  CC [M]  sound/firewire/fireface/ff.o
  CC [M]  fs/nls/mac-greek.o
  CC [M]  sound/pci/pcxhr/pcxhr_core.o
  CC      drivers/acpi/acpica/psopcode.o
  CC [M]  net/netfilter/nf_nat_ftp.o
  AR      kernel/cgroup/built-in.a
  CC      kernel/user_namespace.o
  LD [M]  sound/firewire/motu/snd-firewire-motu.o
  CC      drivers/clk/clk-bulk.o
  CC [M]  sound/pci/oxygen/xonar_cs43xx.o
  CC [M]  lib/notifier-error-inject.o
  CC      drivers/acpi/acpica/psopinfo.o
  CC [M]  sound/firewire/fireface/ff-transaction.o
  CC [M]  fs/nls/mac-iceland.o
  CC      drivers/acpi/processor_idle.o
  CC      drivers/acpi/acpica/psparse.o
  CC      net/devlink/dpipe.o
  CC [M]  fs/nls/mac-inuit.o
  CC [M]  sound/pci/oxygen/xonar_wm87x6.o
  CC [M]  sound/pci/pcxhr/pcxhr_mix22.o
  CC [M]  net/netfilter/nf_nat_irc.o
  CC [M]  sound/firewire/fireface/ff-midi.o
  CC      net/ipv4/fib_notifier.o
  CC [M]  lib/pm-notifier-error-inject.o
  CC      drivers/acpi/acpica/psscope.o
  CC      drivers/clk/clkdev.o
  CC [M]  fs/nls/mac-romanian.o
  CC      drivers/acpi/acpica/pstree.o
  CC      kernel/pid_namespace.o
  CC [M]  sound/firewire/fireface/ff-proc.o
  CC [M]  lib/memory-notifier-error-inject.o
  LD [M]  sound/pci/pcxhr/snd-pcxhr.o
  CC [M]  lib/lru_cache.o
  CC [M]  sound/pci/oxygen/xonar_hdmi.o
  CC [M]  fs/nls/mac-roman.o
  CC      net/ipv4/inet_fragment.o
  CC      kernel/stop_machine.o
  CC      net/ipv6/datagram.o
  CC      drivers/acpi/acpica/psutils.o
  CC [M]  net/netfilter/nf_nat_sip.o
  CC      fs/fuse/dir.o
  CC [M]  sound/firewire/fireface/amdtp-ff.o
  CC      drivers/clk/clk.o
  CC      net/8021q/vlan_core.o
  CC      drivers/acpi/acpica/pswalk.o
  CC [M]  fs/nls/mac-turkish.o
  LD [M]  sound/pci/oxygen/snd-oxygen-lib.o
  LD [M]  sound/pci/oxygen/snd-oxygen.o
  LD [M]  sound/pci/oxygen/snd-virtuoso.o
  CC [M]  sound/pci/rme9652/rme9652.o
  CC      drivers/acpi/acpica/psxface.o
  LD [M]  sound/firewire/snd-firewire-lib.o
  CC [M]  sound/firewire/fireface/ff-stream.o
  CC [M]  fs/nls/nls_ucs2_utils.o
  LD [M]  sound/firewire/snd-isight.o
  CC [M]  sound/pci/rme9652/hdsp.o
  CC      net/devlink/resource.o
  CC [M]  lib/reed_solomon/reed_solomon.o
  CC      drivers/acpi/acpica/rsaddr.o
  CC [M]  net/netfilter/nf_nat_tftp.o
  CC      kernel/audit.o
  CC      drivers/acpi/acpica/rscalc.o
  CC [M]  sound/firewire/fireface/ff-pcm.o
  CC [M]  arch/x86/kvm/emulate.o
  CC      fs/fuse/file.o
  CC      drivers/acpi/acpica/rscreate.o
  AR      net/wireless/tests/built-in.a
  CC      net/wireless/wext-core.o
  CC      net/ipv6/ip6_flowlabel.o
  CC [M]  net/8021q/vlan.o
  CC [M]  net/netfilter/nf_synproxy_core.o
  AR      fs/nls/built-in.a
  CC      net/devlink/param.o
  CC      net/ipv4/ping.o
  CC [M]  sound/firewire/fireface/ff-hwdep.o
  CC      drivers/acpi/acpica/rsdumpinfo.o
  CC [M]  lib/raid6/algos.o
  CC [M]  sound/firewire/fireface/ff-protocol-former.o
  CC      drivers/acpi/acpica/rsinfo.o
  CC      drivers/acpi/acpica/rsio.o
  CC [M]  sound/pci/rme9652/hdspm.o
  CC [M]  net/8021q/vlan_dev.o
  CC      net/ipv6/inet6_connection_sock.o
  CC      drivers/acpi/acpica/rsirq.o
  CC      net/ipv4/ip_tunnel_core.o
  CC [M]  sound/firewire/fireface/ff-protocol-latter.o
  CC [M]  lib/raid6/recov.o
  CC      kernel/auditfilter.o
  CC      drivers/acpi/acpica/rslist.o
  CC      drivers/clk/clk-divider.o
  CC      net/wireless/wext-proc.o
  CC      drivers/dma/dmaengine.o
  CC      fs/fuse/inode.o
  CC      drivers/acpi/acpica/rsmemory.o
  CC      net/devlink/region.o
  HOSTCC  lib/raid6/mktables
  LD [M]  sound/firewire/fireface/snd-fireface.o
  CC [M]  net/8021q/vlan_netlink.o
  UNROLL  lib/raid6/int1.c
  UNROLL  lib/raid6/int2.c
  UNROLL  lib/raid6/int4.c
  UNROLL  lib/raid6/int8.c
  CC      drivers/acpi/acpica/rsmisc.o
  CC [M]  lib/raid6/recov_ssse3.o
  CC [M]  net/netfilter/nf_conncount.o
  CC [M]  net/8021q/vlan_gvrp.o
  CC      net/wireless/wext-priv.o
  CC      drivers/acpi/acpica/rsserial.o
  LD [M]  sound/pci/rme9652/snd-rme9652.o
  LD [M]  sound/pci/rme9652/snd-hdsp.o
  CC      drivers/clk/clk-fixed-factor.o
  LD [M]  sound/pci/rme9652/snd-hdspm.o
  CC [M]  sound/pci/trident/trident.o
  CC [M]  arch/x86/kvm/irq.o
  CC      kernel/auditsc.o
  CC      net/ipv6/udp_offload.o
  CC      drivers/acpi/acpica/rsutils.o
  CC      net/ipv6/seg6.o
  CC [M]  lib/raid6/recov_avx2.o
  CC [M]  net/8021q/vlan_mvrp.o
  CC [M]  net/wireless/core.o
  CC      drivers/dma/virt-dma.o
  CC      drivers/acpi/acpica/rsxface.o
  CC [M]  sound/pci/trident/trident_main.o
  CC      net/ipv4/gre_offload.o
  CC [M]  lib/raid6/mmx.o
  CC [M]  lib/raid6/sse1.o
  CC      drivers/clk/clk-fixed-rate.o
  CC [M]  lib/raid6/sse2.o
  CC      fs/fuse/control.o
  CC [M]  net/8021q/vlanproc.o
  CC [M]  net/wireless/sysfs.o
  CC      net/devlink/health.o
  CC      net/ipv6/fib6_notifier.o
  CC      drivers/acpi/acpica/tbdata.o
  CC [M]  net/netfilter/nf_dup_netdev.o
  CC      drivers/dma/acpi-dma.o
  CC [M]  lib/raid6/avx2.o
  CC [M]  arch/x86/kvm/lapic.o
  CC      fs/fuse/xattr.o
  CC      net/ipv4/metrics.o
  AR      net/8021q/built-in.a
  LD [M]  net/8021q/8021q.o
  CC      drivers/clk/clk-gate.o
  CC      net/ipv6/rpl.o
  CC      drivers/acpi/processor_throttling.o
  CC      kernel/audit_watch.o
  CC      drivers/acpi/acpica/tbfadt.o
  CC [M]  lib/raid6/avx512.o
  AR      fs/hostfs/built-in.a
  CC      kernel/audit_fsnotify.o
  CC      fs/fuse/acl.o
  CC [M]  sound/pci/trident/trident_memory.o
  CC      drivers/dma/hsu/hsu.o
  CC      drivers/acpi/acpica/tbfind.o
  CC [M]  lib/raid6/recov_avx512.o
  CC [M]  net/netfilter/nf_tables_core.o
  CC      drivers/acpi/acpica/tbinstal.o
  CC      drivers/clk/clk-multiplier.o
  LD [M]  sound/pci/trident/snd-trident.o
  CC      fs/fuse/readdir.o
  CC      net/ipv6/ioam6.o
  CC [M]  sound/pcmcia/vx/vxpocket.o
  CC [M]  sound/pci/ymfpci/ymfpci.o
  TEST    lib/test_fortify/read_overflow-memchr.log
  CC      kernel/audit_tree.o
  CC [M]  net/wireless/radiotap.o
  CC      drivers/acpi/acpica/tbprint.o
  TEST    lib/test_fortify/read_overflow-memchr_inv.log
  TABLE   lib/raid6/tables.c
  CC      net/devlink/trap.o
  CC [M]  lib/raid6/int1.o
  CC      net/ipv4/netlink.o
  CC      drivers/acpi/acpica/tbutils.o
  TEST    lib/test_fortify/read_overflow-memcmp.log
  CC      drivers/clk/clk-mux.o
  CC [M]  sound/pci/ymfpci/ymfpci_main.o
  CC      fs/fuse/ioctl.o
  CC [M]  sound/pcmcia/vx/vxp_ops.o
  AR      drivers/dma/hsu/built-in.a
  TEST    lib/test_fortify/read_overflow-memscan.log
  AR      drivers/dma/idxd/built-in.a
  CC [M]  lib/raid6/int2.o
  CC [M]  drivers/dma/idxd/bus.o
  CC      drivers/acpi/acpica/tbxface.o
  TEST    lib/test_fortify/read_overflow2-memcmp.log
  CC      kernel/kprobes.o
  CC [M]  net/netfilter/nf_tables_api.o
  CC [M]  net/wireless/util.o
  CC [M]  arch/x86/kvm/cpuid.o
  CC [M]  lib/raid6/int4.o
  TEST    lib/test_fortify/read_overflow2-memcpy.log
  CC      net/ipv6/sysctl_net_ipv6.o
  CC      drivers/clk/clk-composite.o
  CC [M]  sound/pcmcia/vx/vxp_mixer.o
  CC      drivers/acpi/acpica/tbxfload.o
  TEST    lib/test_fortify/read_overflow2-memmove.log
  CC      fs/fuse/iomode.o
  CC      net/ipv4/nexthop.o
  TEST    lib/test_fortify/read_overflow2_field-memcpy.log
  LD [M]  sound/pci/ymfpci/snd-ymfpci.o
  CC [M]  sound/pci/vx222/vx222.o
  CC [M]  lib/raid6/int8.o
  LD [M]  sound/pcmcia/vx/snd-vxpocket.o
  CC [M]  sound/pcmcia/pdaudiocf/pdaudiocf.o
  CC [M]  drivers/dma/idxd/init.o
  CC      drivers/acpi/acpica/tbxfroot.o
  CC      net/ipv6/ip6mr.o
  TEST    lib/test_fortify/read_overflow2_field-memmove.log
  CC      drivers/clk/clk-fractional-divider.o
  CC      fs/fuse/dax.o
  CC      drivers/acpi/acpica/utaddress.o
  TEST    lib/test_fortify/write_overflow-memcpy.log
  CC      net/devlink/rate.o
  CC [M]  sound/pcmcia/pdaudiocf/pdaudiocf_core.o
  CC [M]  sound/pci/vx222/vx222_ops.o
  CC [M]  lib/raid6/tables.o
  CC      drivers/acpi/acpica/utalloc.o
  TEST    lib/test_fortify/write_overflow-memmove.log
  CC      kernel/hung_task.o
  CC      drivers/acpi/acpica/utascii.o
  CC      drivers/clk/clk-gpio.o
  CC [M]  sound/pcmcia/pdaudiocf/pdaudiocf_irq.o
  CC [M]  drivers/dma/idxd/irq.o
  TEST    lib/test_fortify/write_overflow-memset.log
  LD [M]  sound/pci/vx222/snd-vx222.o
  LD [M]  sound/pci/snd-ad1889.o
  LD [M]  sound/pci/snd-als300.o
  LD [M]  sound/pci/snd-als4000.o
  LD [M]  sound/pci/snd-atiixp.o
  LD [M]  sound/pci/snd-atiixp-modem.o
  LD [M]  sound/pci/snd-azt3328.o
  LD [M]  sound/pci/snd-bt87x.o
  CC      drivers/acpi/acpica/utbuffer.o
  LD [M]  sound/pci/snd-cmipci.o
  LD [M]  sound/pci/snd-cs4281.o
  LD [M]  sound/pci/snd-ens1370.o
  LD [M]  sound/pci/snd-ens1371.o
  LD [M]  sound/pci/snd-es1938.o
  LD [M]  sound/pci/snd-es1968.o
  TEST    lib/test_fortify/write_overflow-strcpy-lit.log
  LD [M]  sound/pci/snd-fm801.o
  LD [M]  sound/pci/snd-intel8x0.o
  LD [M]  sound/pci/snd-intel8x0m.o
  LD [M]  sound/pci/snd-maestro3.o
  LD [M]  sound/pci/snd-rme32.o
  LD [M]  lib/raid6/raid6_pq.o
  CC      fs/fuse/passthrough.o
  LD [M]  sound/pci/snd-rme96.o
  LD [M]  sound/pci/snd-sonicvibes.o
  LD [M]  sound/pci/snd-via82xx.o
  LD [M]  sound/pci/snd-via82xx-modem.o
  CC      net/netlabel/netlabel_user.o
  AR      drivers/clk/actions/built-in.a
  CC [M]  sound/pcmcia/pdaudiocf/pdaudiocf_pcm.o
  AR      drivers/clk/analogbits/built-in.a
  CC      drivers/acpi/acpica/utcksum.o
  AR      drivers/clk/bcm/built-in.a
  CC [M]  drivers/dma/idxd/device.o
  AR      drivers/clk/imgtec/built-in.a
  TEST    lib/test_fortify/write_overflow-strcpy.log
  AR      drivers/clk/imx/built-in.a
  AR      drivers/clk/ingenic/built-in.a
  AR      drivers/clk/keystone/built-in.a
  AR      drivers/clk/mediatek/built-in.a
  CC      kernel/watchdog.o
  AR      drivers/clk/microchip/built-in.a
  AR      drivers/clk/mstar/built-in.a
  CC      drivers/acpi/processor_perflib.o
  CC [M]  arch/x86/kvm/pmu.o
  AR      drivers/clk/mvebu/built-in.a
  AR      drivers/clk/ralink/built-in.a
  CC      drivers/acpi/acpica/utcopy.o
  AR      drivers/clk/renesas/built-in.a
  AR      drivers/clk/socfpga/built-in.a
  AR      drivers/clk/sophgo/built-in.a
  TEST    lib/test_fortify/write_overflow-strncpy-src.log
  AR      drivers/clk/spacemit/built-in.a
  AR      drivers/clk/sprd/built-in.a
  AR      drivers/clk/starfive/built-in.a
  AR      drivers/clk/sunxi-ng/built-in.a
  AR      drivers/clk/ti/built-in.a
  AR      drivers/clk/versatile/built-in.a
  CC      drivers/clk/x86/clk-fch.o
  CC [M]  net/wireless/reg.o
  LD [M]  sound/pcmcia/pdaudiocf/snd-pdaudiocf.o
  CC      net/devlink/linecard.o
  CC      fs/fuse/backing.o
  CC [M]  sound/soc/soc-acpi.o
  CC      net/netlabel/netlabel_kapi.o
  TEST    lib/test_fortify/write_overflow-strncpy.log
  CC      net/ipv4/udp_tunnel_stub.o
  CC      drivers/acpi/acpica/utexcep.o
